config,suite,num_uavs,puf_ber,fe_profile,attack_mode,phase,metric,unit,n_runs,n_obs_total,obs_per_run_mean,mean_of_run_means,sd_of_run_means,sem,df,t_crit,ci95_lo,ci95_hi,pooled_mean,pooled_sd,median,p05,p95,min,max,ci_method
ArbiterPuf,sha3,10,,,,phase2,latency_ms,ms,30,300,10.0,2.721607713,0.08045095,0.014688267,29,2.045,2.691570208,2.751645218,2.721607713,0.249228132,2.7108145,2.64279235,2.94215095,0.0,3.507988,two-stage t; unit=run; df=R-1
ArbiterPuf,sha3,10,,,,phase2,compute_ms,ms,30,300,10.0,1.655053967,0.058948304,0.010762439,29,2.045,1.63304478,1.677063154,1.655053967,0.174132835,1.633149,1.58398,1.8509352,0.0,2.435344,two-stage t; unit=run; df=R-1
ArbiterPuf,sha3,10,,,,phase2,net_ms,ms,30,300,10.0,1.066553747,0.027001564,0.004929789,29,2.045,1.056472329,1.076635165,1.066553747,0.089279402,1.0710915,1.04913225,1.1050716,0.0,1.142258,two-stage t; unit=run; df=R-1
ArbiterPuf,sha3,10,,,,phase2,wall_latency_ms,ms,30,300,10.0,1.492954417,0.038223436,0.006978613,29,2.045,1.478683154,1.50722568,1.492954417,0.124615584,1.5013245,1.46750595,1.5393794,0.0,1.581848,two-stage t; unit=run; df=R-1
ArbiterPuf,sha3,10,,,,phase2,overhead_bytes,B,30,300,10.0,771.82,19.713121833,3.599107169,29,2.045,764.45982584,779.18017416,771.82,63.335605545,777.0,777.0,777.0,0.0,777.0,two-stage t; unit=run; df=R-1
ArbiterPuf,sha3,10,,,,phase2,puf_eval_ms,ms,30,300,10.0,1.21614129,0.027076039,0.004943386,29,2.045,1.206032066,1.226250514,1.21614129,0.076869449,1.19192,1.1647,1.34722815,1.159896,1.739388,two-stage t; unit=run; df=R-1
ArbiterPuf,sha3,10,,,,phase2,fe_rep_ms,ms,30,300,10.0,0.205559143,0.011130178,0.002032083,29,2.045,0.201403533,0.209714753,0.205559143,0.028952598,0.1970065,0.1883414,0.2612035,0.172166,0.368365,two-stage t; unit=run; df=R-1
ArbiterPuf,sha3,10,,,,phase2,mac_ms,ms,30,300,10.0,0.00774464,0.000451219,8.2381e-05,29,2.045,0.007576171,0.007913109,0.00774464,0.001344975,0.007385,0.00709155,0.01052695,0.0,0.014267,two-stage t; unit=run; df=R-1
ArbiterPuf,sha3,10,,,,phase2,kdf_ms,ms,30,300,10.0,0.011452607,0.000861688,0.000157322,29,2.045,0.011130884,0.01177433,0.011452607,0.002266792,0.010795,0.010128,0.01607855,0.0,0.023955,two-stage t; unit=run; df=R-1
ArbiterPuf,sha3,10,,,,phase2,dh_ms,ms,30,300,10.0,0.106505297,0.005740567,0.001048079,29,2.045,0.104361975,0.108648619,0.106505297,0.016610478,0.1026035,0.09918095,0.1238315,0.0,0.272018,two-stage t; unit=run; df=R-1
ArbiterPuf,sha3,10,,,,phase3,latency_ms,ms,30,2690,89.6667,0.414269747,0.010662121,0.001946628,29,2.045,0.410288893,0.418250601,0.414407677,0.057263553,0.42082,0.3487669,0.48636845,0.042317,0.541655,two-stage t; unit=run; df=R-1
ArbiterPuf,sha3,10,,,,phase3,compute_ms,ms,30,2690,89.6667,0.084329884,0.006094552,0.001112708,29,2.045,0.082054396,0.086605372,0.084372193,0.038655579,0.075178,0.044642,0.13596155,0.0,0.175041,two-stage t; unit=run; df=R-1
ArbiterPuf,sha3,10,,,,phase3,net_ms,ms,30,2690,89.6667,0.30451868,0.007226951,0.001319455,29,2.045,0.301820395,0.307216965,0.304611866,0.088599808,0.262255,0.2076126,0.4132254,0.0,0.457456,two-stage t; unit=run; df=R-1
ArbiterPuf,sha3,10,,,,phase3,overhead_bytes,B,30,2690,89.6667,195.960797342,3.963813498,0.723690022,29,2.045,194.480851247,197.440743437,196.014126394,9.981192116,197.0,197.0,197.0,95.0,197.0,two-stage t; unit=run; df=R-1
AtkCredentialSniff,sha3,10,,,,phase2,latency_ms,ms,5,50,10.0,2.6250718,0.055398013,0.024774745,4,2.776,2.556297109,2.693846491,2.6250718,0.114241357,2.597066,2.54575275,2.7573975,2.531316,3.290554,two-stage t; unit=run; df=R-1
AtkCredentialSniff,sha3,10,,,,phase2,compute_ms,ms,5,50,10.0,1.55156172,0.047313111,0.021159066,4,2.776,1.492824151,1.610299289,1.55156172,0.110023734,1.523087,1.48994005,1.6786173,1.462571,2.213499,two-stage t; unit=run; df=R-1
AtkCredentialSniff,sha3,10,,,,phase2,net_ms,ms,5,50,10.0,1.07351008,0.008586908,0.003840182,4,2.776,1.062849735,1.084170425,1.07351008,0.016613735,1.074336,1.04831065,1.09684015,1.043616,1.121359,two-stage t; unit=run; df=R-1
AtkCredentialSniff,sha3,10,,,,phase2,wall_latency_ms,ms,5,50,10.0,1.50572552,0.010121849,0.004526628,4,2.776,1.493159599,1.518291441,1.50572552,0.024680317,1.506341,1.4689302,1.55227085,1.460125,1.559941,two-stage t; unit=run; df=R-1
AtkCredentialSniff,sha3,10,,,,phase2,overhead_bytes,B,5,50,10.0,777.0,0.0,0.0,4,2.776,777.0,777.0,777.0,0.0,777.0,777.0,777.0,777.0,777.0,two-stage t; unit=run; df=R-1
AtkCredentialSniff,sha3,10,,,,phase2,puf_eval_ms,ms,5,50,10.0,1.11791636,0.036632687,0.016382636,4,2.776,1.072438163,1.163394557,1.11791636,0.099829852,1.100838,1.0750012,1.16125425,1.063239,1.786635,two-stage t; unit=run; df=R-1
AtkCredentialSniff,sha3,10,,,,phase2,fe_rep_ms,ms,5,50,10.0,0.19450874,0.003317433,0.001483601,4,2.776,0.190390263,0.198627217,0.19450874,0.0087324,0.193099,0.18457335,0.20781665,0.178868,0.236403,two-stage t; unit=run; df=R-1
AtkCredentialSniff,sha3,10,,,,phase2,mac_ms,ms,5,50,10.0,0.00738358,0.00025634,0.000114639,4,2.776,0.007065343,0.007701817,0.00738358,0.000759544,0.0071375,0.00695595,0.00911055,0.006863,0.011041,two-stage t; unit=run; df=R-1
AtkCredentialSniff,sha3,10,,,,phase2,kdf_ms,ms,5,50,10.0,0.01085726,0.000708236,0.000316733,4,2.776,0.00997801,0.01173651,0.01085726,0.001554097,0.010299,0.009887,0.0151661,0.009618,0.01663,two-stage t; unit=run; df=R-1
AtkCredentialSniff,sha3,10,,,,phase2,dh_ms,ms,5,50,10.0,0.10734704,0.010246524,0.004582385,4,2.776,0.09462634,0.12006774,0.10734704,0.031382263,0.1005395,0.09772485,0.1217416,0.096216,0.319425,two-stage t; unit=run; df=R-1
AtkCredentialSniff,sha3,10,,,,phase3,latency_ms,ms,5,450,90.0,0.41784954,0.002984028,0.001334498,4,2.776,0.414144974,0.421554106,0.41784954,0.049581034,0.435457,0.35055145,0.4856435,0.338351,0.509928,two-stage t; unit=run; df=R-1
AtkCredentialSniff,sha3,10,,,,phase3,compute_ms,ms,5,450,90.0,0.082934813,0.001836067,0.000821114,4,2.776,0.0806554,0.085214226,0.082934813,0.037709165,0.090536,0.0432335,0.12912005,0.042899,0.15278,two-stage t; unit=run; df=R-1
AtkCredentialSniff,sha3,10,,,,phase3,net_ms,ms,5,450,90.0,0.307058936,0.00226133,0.001011298,4,2.776,0.304251574,0.309866298,0.307058936,0.087073502,0.313462,0.20786225,0.4164686,0.204639,0.465024,two-stage t; unit=run; df=R-1
AtkCredentialSniff,sha3,10,,,,phase3,overhead_bytes,B,5,450,90.0,197.0,0.0,0.0,4,2.776,197.0,197.0,197.0,0.0,197.0,197.0,197.0,197.0,197.0,two-stage t; unit=run; df=R-1
AtkGsImpersonate,sha3,10,,,,phase2,latency_ms,ms,5,50,10.0,1.3956861,0.023569456,0.010540581,4,2.776,1.366425447,1.424946753,1.3956861,0.1021083,1.3607745,1.3290063,1.64070695,1.294423,1.807375,two-stage t; unit=run; df=R-1
AtkGsImpersonate,sha3,10,,,,phase2,compute_ms,ms,5,50,10.0,1.3704689,0.023481458,0.010501227,4,2.776,1.341317493,1.399620307,1.3704689,0.045829238,1.3591815,1.3290063,1.4605399,1.294423,1.550202,two-stage t; unit=run; df=R-1
AtkGsImpersonate,sha3,10,,,,phase2,net_ms,ms,5,50,10.0,0.0252172,0.000610556,0.000273049,4,2.776,0.024459216,0.025975184,0.0252172,0.076439564,0.0,0.0,0.25132525,0.0,0.257291,two-stage t; unit=run; df=R-1
AtkGsImpersonate,sha3,10,,,,phase2,wall_latency_ms,ms,5,50,10.0,0.0,0.0,0.0,4,2.776,0.0,0.0,0.0,0.0,0.0,0.0,0.0,0.0,0.0,two-stage t; unit=run; df=R-1
AtkGsImpersonate,sha3,10,,,,phase2,overhead_bytes,B,5,50,10.0,172.0,0.0,0.0,4,2.776,172.0,172.0,172.0,206.071119089,104.0,104.0,784.0,104.0,784.0,two-stage t; unit=run; df=R-1
AtkGsImpersonate,sha3,10,,,,phase2,puf_eval_ms,ms,5,50,10.0,1.10638198,0.018694917,0.008360621,4,2.776,1.083172896,1.129591064,1.10638198,0.03192026,1.096149,1.08135745,1.17982005,1.051057,1.205439,two-stage t; unit=run; df=R-1
AtkGsImpersonate,sha3,10,,,,phase2,fe_rep_ms,ms,5,50,10.0,0.19322362,0.003807316,0.001702683,4,2.776,0.188496971,0.197950269,0.19322362,0.007215436,0.191591,0.18364135,0.20533375,0.179579,0.222909,two-stage t; unit=run; df=R-1
AtkGsImpersonate,sha3,10,,,,phase2,mac_ms,ms,5,50,10.0,0.00447718,0.000198852,8.8929e-05,4,2.776,0.004230312,0.004724048,0.00447718,0.00600576,0.0025045,0.002263,0.0216775,0.002224,0.024373,two-stage t; unit=run; df=R-1
AtkGsImpersonate,sha3,10,,,,phase2,kdf_ms,ms,5,50,10.0,0.00493186,0.000305952,0.000136826,4,2.776,0.004552031,0.005311689,0.00493186,0.000580764,0.004789,0.004447,0.00577005,0.004419,0.008055,two-stage t; unit=run; df=R-1
AtkGsImpersonate,sha3,10,,,,phase2,dh_ms,ms,5,50,10.0,0.0396503,0.007123828,0.003185873,4,2.776,0.030806317,0.048494283,0.0396503,0.024401441,0.035049,0.0335359,0.04717625,0.033101,0.20709,two-stage t; unit=run; df=R-1
AtkLegacyGsImpersonate,sha3,10,,,,phase2,latency_ms,ms,5,50,10.0,1.41579274,0.037091613,0.016587874,4,2.776,1.369744803,1.461840677,1.41579274,0.146180253,1.3645915,1.30650615,1.7243409,1.297499,2.048116,two-stage t; unit=run; df=R-1
AtkLegacyGsImpersonate,sha3,10,,,,phase2,compute_ms,ms,5,50,10.0,1.39057554,0.036685947,0.016406454,4,2.776,1.345031223,1.436119857,1.39057554,0.088988552,1.3645915,1.30650615,1.551222,1.297499,1.790943,two-stage t; unit=run; df=R-1
AtkLegacyGsImpersonate,sha3,10,,,,phase2,net_ms,ms,5,50,10.0,0.0252172,0.000610556,0.000273049,4,2.776,0.024459216,0.025975184,0.0252172,0.076439564,0.0,0.0,0.25132525,0.0,0.257291,two-stage t; unit=run; df=R-1
AtkLegacyGsImpersonate,sha3,10,,,,phase2,wall_latency_ms,ms,5,50,10.0,0.0,0.0,0.0,4,2.776,0.0,0.0,0.0,0.0,0.0,0.0,0.0,0.0,0.0,two-stage t; unit=run; df=R-1
AtkLegacyGsImpersonate,sha3,10,,,,phase2,overhead_bytes,B,5,50,10.0,176.3,0.0,0.0,4,2.776,176.3,176.3,176.3,219.102086913,104.0,104.0,827.0,104.0,827.0,two-stage t; unit=run; df=R-1
AtkLegacyGsImpersonate,sha3,10,,,,phase2,puf_eval_ms,ms,5,50,10.0,1.11152004,0.029917803,0.013379648,4,2.776,1.074378136,1.148661944,1.11152004,0.050098396,1.0964355,1.06027695,1.21806485,1.055355,1.297298,two-stage t; unit=run; df=R-1
AtkLegacyGsImpersonate,sha3,10,,,,phase2,fe_rep_ms,ms,5,50,10.0,0.19721214,0.007774263,0.003476756,4,2.776,0.187560665,0.206863615,0.19721214,0.024150523,0.191757,0.18362345,0.2248506,0.180691,0.308546,two-stage t; unit=run; df=R-1
AtkLegacyGsImpersonate,sha3,10,,,,phase2,mac_ms,ms,5,50,10.0,0.00739296,0.000560879,0.000250833,4,2.776,0.006696648,0.008089272,0.00739296,0.01471004,0.002455,0.002254,0.0481731,0.002244,0.061867,two-stage t; unit=run; df=R-1
AtkLegacyGsImpersonate,sha3,10,,,,phase2,kdf_ms,ms,5,50,10.0,0.00568942,0.000483705,0.000216319,4,2.776,0.005088917,0.006289923,0.00568942,0.002641743,0.004684,0.0043825,0.01159255,0.004257,0.017613,two-stage t; unit=run; df=R-1
AtkLegacyGsImpersonate,sha3,10,,,,phase2,dh_ms,ms,5,50,10.0,0.04900384,0.008128649,0.003635242,4,2.776,0.038912407,0.059095273,0.04900384,0.044955302,0.0350995,0.033429,0.1255545,0.033151,0.309598,two-stage t; unit=run; df=R-1
AtkReplayM1,sha3,10,,,,phase2,latency_ms,ms,5,50,10.0,2.63527756,0.050294543,0.022492403,4,2.776,2.572838648,2.697716472,2.63527756,0.116811448,2.6003985,2.5576121,2.85426535,2.552087,3.238719,two-stage t; unit=run; df=R-1
AtkReplayM1,sha3,10,,,,phase2,compute_ms,ms,5,50,10.0,1.56018198,0.047791933,0.021373202,4,2.776,1.500849971,1.619513989,1.56018198,0.116310637,1.521298,1.48441175,1.78560805,1.472789,2.147379,two-stage t; unit=run; df=R-1
AtkReplayM1,sha3,10,,,,phase2,net_ms,ms,5,50,10.0,1.07509558,0.007121529,0.003184845,4,2.776,1.066254451,1.083936709,1.07509558,0.01788694,1.0742005,1.05211765,1.1012432,1.04539,1.125189,two-stage t; unit=run; df=R-1
AtkReplayM1,sha3,10,,,,phase2,wall_latency_ms,ms,5,50,10.0,1.50571616,0.01104903,0.004941276,4,2.776,1.491999177,1.519433143,1.50571616,0.022552832,1.5059705,1.46899495,1.54323345,1.461276,1.560073,two-stage t; unit=run; df=R-1
AtkReplayM1,sha3,10,,,,phase2,overhead_bytes,B,5,50,10.0,777.0,0.0,0.0,4,2.776,777.0,777.0,777.0,0.0,777.0,777.0,777.0,777.0,777.0,two-stage t; unit=run; df=R-1
AtkReplayM1,sha3,10,,,,phase2,puf_eval_ms,ms,5,50,10.0,1.1277006,0.044567226,0.019931069,4,2.776,1.072371951,1.183029249,1.1277006,0.102981615,1.097086,1.0766834,1.31064285,1.053301,1.68021,two-stage t; unit=run; df=R-1
AtkReplayM1,sha3,10,,,,phase2,fe_rep_ms,ms,5,50,10.0,0.19507978,0.003638686,0.00162727,4,2.776,0.190562479,0.199597081,0.19507978,0.011303436,0.194201,0.18377295,0.20793245,0.181963,0.255478,two-stage t; unit=run; df=R-1
AtkReplayM1,sha3,10,,,,phase2,mac_ms,ms,5,50,10.0,0.00789416,0.000859928,0.000384571,4,2.776,0.00682659,0.00896173,0.00789416,0.00332163,0.007114,0.0069275,0.00985285,0.006792,0.02767,two-stage t; unit=run; df=R-1
AtkReplayM1,sha3,10,,,,phase2,kdf_ms,ms,5,50,10.0,0.01049084,0.000248989,0.000111351,4,2.776,0.010181729,0.010799951,0.01049084,0.00068893,0.010294,0.009978,0.011692,0.009718,0.014017,two-stage t; unit=run; df=R-1
AtkReplayM1,sha3,10,,,,phase2,dh_ms,ms,5,50,10.0,0.10545072,0.007085939,0.003168928,4,2.776,0.096653775,0.114247665,0.10545072,0.024496884,0.100168,0.09850795,0.1170699,0.095675,0.271638,two-stage t; unit=run; df=R-1
AtkReplayM1,sha3,10,,,,phase3,latency_ms,ms,5,450,90.0,0.417696078,0.002959941,0.001323726,4,2.776,0.414021415,0.421370741,0.417696078,0.049949012,0.4353155,0.3506196,0.48647015,0.3378,0.538119,two-stage t; unit=run; df=R-1
AtkReplayM1,sha3,10,,,,phase3,compute_ms,ms,5,450,90.0,0.083653656,0.003534204,0.001580544,4,2.776,0.079266066,0.088041246,0.083653656,0.036428809,0.105499,0.0433945,0.1237106,0.042999,0.183567,two-stage t; unit=run; df=R-1
AtkReplayM1,sha3,10,,,,phase3,net_ms,ms,5,450,90.0,0.306967478,0.002205439,0.000986302,4,2.776,0.304229503,0.309705453,0.306967478,0.087067402,0.3116845,0.2077444,0.41728805,0.204567,0.47212,two-stage t; unit=run; df=R-1
AtkReplayM1,sha3,10,,,,phase3,overhead_bytes,B,5,450,90.0,197.0,0.0,0.0,4,2.776,197.0,197.0,197.0,0.0,197.0,197.0,197.0,197.0,197.0,two-stage t; unit=run; df=R-1
Baseline5UAV,sha3,5,,,,phase2,latency_ms,ms,30,150,5.0,2.30501722,0.067199793,0.012268947,29,2.045,2.279927222,2.330107218,2.30501722,0.13824235,2.259303,2.2149521,2.544253,2.189179,3.130832,two-stage t; unit=run; df=R-1
Baseline5UAV,sha3,5,,,,phase2,compute_ms,ms,30,150,5.0,1.590810813,0.065533316,0.011964692,29,2.045,1.566343018,1.615278608,1.590810813,0.137229461,1.540262,1.51323445,1.84457215,1.497475,2.411652,two-stage t; unit=run; df=R-1
Baseline5UAV,sha3,5,,,,phase2,net_ms,ms,30,150,5.0,0.714206407,0.007147189,0.001304892,29,2.045,0.711537902,0.716874912,0.714206407,0.017532683,0.7132195,0.6869477,0.74435365,0.682837,0.768654,two-stage t; unit=run; df=R-1
Baseline5UAV,sha3,5,,,,phase2,wall_latency_ms,ms,30,150,5.0,1.14421206,0.010404673,0.001899625,29,2.045,1.140327327,1.148096793,1.14421206,0.024926445,1.142397,1.1067979,1.18877785,1.091446,1.233798,two-stage t; unit=run; df=R-1
Baseline5UAV,sha3,5,,,,phase2,overhead_bytes,B,30,150,5.0,507.0,0.0,0.0,29,2.045,507.0,507.0,507.0,0.0,507.0,507.0,507.0,507.0,507.0,two-stage t; unit=run; df=R-1
Baseline5UAV,sha3,5,,,,phase2,puf_eval_ms,ms,30,150,5.0,1.144017727,0.047893503,0.008744117,29,2.045,1.126136007,1.161899447,1.144017727,0.106620763,1.1044945,1.093169,1.34467345,1.089728,1.896967,two-stage t; unit=run; df=R-1
Baseline5UAV,sha3,5,,,,phase2,fe_rep_ms,ms,30,150,5.0,0.203011593,0.010787284,0.00196948,29,2.045,0.198984007,0.207039179,0.203011593,0.027261872,0.195243,0.18809705,0.2450247,0.184067,0.361914,two-stage t; unit=run; df=R-1
Baseline5UAV,sha3,5,,,,phase2,mac_ms,ms,30,150,5.0,0.0077782,0.000625694,0.000114236,29,2.045,0.007544588,0.008011812,0.0077782,0.001551073,0.0072485,0.0070365,0.010998,0.006952,0.018523,two-stage t; unit=run; df=R-1
Baseline5UAV,sha3,5,,,,phase2,kdf_ms,ms,30,150,5.0,0.011192373,0.000868844,0.000158628,29,2.045,0.010867978,0.011516768,0.011192373,0.002051328,0.0104395,0.009958,0.0155335,0.009768,0.021199,two-stage t; unit=run; df=R-1
Baseline5UAV,sha3,5,,,,phase2,dh_ms,ms,30,150,5.0,0.108079487,0.008478605,0.001547974,29,2.045,0.104913879,0.111245095,0.108079487,0.017816381,0.101797,0.099159,0.13500185,0.09844,0.2778,two-stage t; unit=run; df=R-1
Baseline5UAV,sha3,5,,,,phase3,latency_ms,ms,30,600,20.0,0.416252547,0.005539708,0.001011408,29,2.045,0.414184218,0.418320876,0.416252547,0.049974739,0.4310075,0.34992695,0.48403975,0.340059,0.527288,two-stage t; unit=run; df=R-1
Baseline5UAV,sha3,5,,,,phase3,compute_ms,ms,30,600,20.0,0.086274823,0.007001654,0.001278321,29,2.045,0.083660656,0.08888899,0.086274823,0.039745403,0.097684,0.044852,0.1505766,0.044502,0.170372,two-stage t; unit=run; df=R-1
Baseline5UAV,sha3,5,,,,phase3,net_ms,ms,30,600,20.0,0.306174275,0.003876549,0.000707758,29,2.045,0.30472691,0.30762164,0.306174275,0.087338979,0.3144045,0.2075669,0.4156307,0.204728,0.45088,two-stage t; unit=run; df=R-1
Baseline5UAV,sha3,5,,,,phase3,overhead_bytes,B,30,600,20.0,197.0,0.0,0.0,29,2.045,197.0,197.0,197.0,0.0,197.0,197.0,197.0,197.0,197.0,two-stage t; unit=run; df=R-1
HighNoise,sha3,10,,,,phase2,latency_ms,ms,30,300,10.0,2.225199403,0.342510938,0.062533656,29,2.045,2.097318077,2.353080729,2.225199403,1.034103476,2.676932,0.0,2.82233955,0.0,3.008321,two-stage t; unit=run; df=R-1
HighNoise,sha3,10,,,,phase2,compute_ms,ms,30,300,10.0,1.34060862,0.211785712,0.038666604,29,2.045,1.261535415,1.419681825,1.34060862,0.624651158,1.6059795,0.0,1.75421725,0.0,1.951235,two-stage t; unit=run; df=R-1
HighNoise,sha3,10,,,,phase2,net_ms,ms,30,300,10.0,0.884590783,0.131328506,0.023977195,29,2.045,0.835557419,0.933624147,0.884590783,0.410763208,1.0664905,0.0,1.10485345,0.0,1.142258,two-stage t; unit=run; df=R-1
HighNoise,sha3,10,,,,phase2,wall_latency_ms,ms,30,300,10.0,1.237863103,0.183848376,0.033565968,29,2.045,1.169220699,1.306505507,1.237863103,0.57475021,1.495585,0.0,1.53895845,0.0,1.581848,two-stage t; unit=run; df=R-1
HighNoise,sha3,10,,,,phase2,overhead_bytes,B,30,300,10.0,639.73,95.016721396,17.34760055,29,2.045,604.254156876,675.205843124,639.73,296.832335195,777.0,0.0,777.0,0.0,777.0,two-stage t; unit=run; df=R-1
HighNoise,sha3,10,,,,phase2,puf_eval_ms,ms,30,300,10.0,1.181417297,0.022226806,0.004058041,29,2.045,1.173118603,1.189715991,1.181417297,0.046766371,1.170821,1.136901,1.2766417,1.128529,1.473511,two-stage t; unit=run; df=R-1
HighNoise,sha3,10,,,,phase2,fe_rep_ms,ms,30,300,10.0,0.20522422,0.007762481,0.001417229,29,2.045,0.202325987,0.208122453,0.20522422,0.019676576,0.204941,0.180123,0.22424355,0.15824,0.333812,two-stage t; unit=run; df=R-1
HighNoise,sha3,10,,,,phase2,mac_ms,ms,30,300,10.0,0.006190923,0.001023994,0.000186955,29,2.045,0.0058086,0.006573246,0.006190923,0.002986241,0.0072025,0.0,0.008406,0.0,0.013164,two-stage t; unit=run; df=R-1
HighNoise,sha3,10,,,,phase2,kdf_ms,ms,30,300,10.0,0.008892553,0.001445673,0.000263943,29,2.045,0.00835279,0.009432316,0.008892553,0.004265101,0.010369,0.0,0.0121535,0.0,0.019215,two-stage t; unit=run; df=R-1
HighNoise,sha3,10,,,,phase2,dh_ms,ms,30,300,10.0,0.08586683,0.014087982,0.002572102,29,2.045,0.080606882,0.091126778,0.08586683,0.041598478,0.100179,0.0,0.11683055,0.0,0.280373,two-stage t; unit=run; df=R-1
HighNoise,sha3,10,,,,phase3,latency_ms,ms,30,2214,73.8,0.366391799,0.044067308,0.008045553,29,2.045,0.349938643,0.382844955,0.369587464,0.12082349,0.3836445,0.0427045,0.48451615,0.040835,0.534411,two-stage t; unit=run; df=R-1
HighNoise,sha3,10,,,,phase3,compute_ms,ms,30,2214,73.8,0.070894833,0.010065226,0.00183765,29,2.045,0.067136838,0.074652828,0.071647084,0.041372725,0.045864,0.0,0.122454,0.0,0.161726,two-stage t; unit=run; df=R-1
HighNoise,sha3,10,,,,phase3,net_ms,ms,30,2214,73.8,0.272287214,0.029642014,0.005411867,29,2.045,0.261219947,0.283354481,0.274428084,0.116904975,0.2397825,0.0,0.4114604,0.0,0.451828,two-stage t; unit=run; df=R-1
HighNoise,sha3,10,,,,phase3,overhead_bytes,B,30,2214,73.8,178.146483896,16.45652592,3.004536822,29,2.045,172.002206096,184.290761696,179.308943089,38.62885306,197.0,95.0,197.0,95.0,197.0,two-stage t; unit=run; df=R-1
MobilityLinear,sha3,10,,,,phase2,latency_ms,ms,30,300,10.0,2.640251443,0.044669873,0.008155566,29,2.045,2.623573311,2.656929575,2.640251443,0.13183211,2.605373,2.56470515,2.8472582,2.526853,3.634731,two-stage t; unit=run; df=R-1
MobilityLinear,sha3,10,,,,phase2,compute_ms,ms,30,300,10.0,1.566689957,0.043823419,0.008001025,29,2.045,1.550327861,1.583052053,1.566689957,0.130735219,1.53047,1.4901235,1.7644917,1.479,2.584528,two-stage t; unit=run; df=R-1
MobilityLinear,sha3,10,,,,phase2,net_ms,ms,30,300,10.0,1.073561483,0.005476761,0.000999915,29,2.045,1.071516656,1.07560631,1.073561483,0.017663963,1.071168,1.0492742,1.104897,1.041958,1.142205,two-stage t; unit=run; df=R-1
MobilityLinear,sha3,10,,,,phase2,wall_latency_ms,ms,30,300,10.0,1.50263719,0.006143464,0.001121638,29,2.045,1.50034344,1.50493094,1.50263719,0.022882184,1.5010995,1.46826765,1.53903215,1.454376,1.58189,two-stage t; unit=run; df=R-1
MobilityLinear,sha3,10,,,,phase2,overhead_bytes,B,30,300,10.0,777.0,0.0,0.0,29,2.045,777.0,777.0,777.0,0.0,777.0,777.0,777.0,777.0,777.0,two-stage t; unit=run; df=R-1
MobilityLinear,sha3,10,,,,phase2,puf_eval_ms,ms,30,300,10.0,1.12914752,0.032805734,0.00598948,29,2.045,1.116899033,1.141396007,1.12914752,0.097328113,1.104805,1.0762055,1.2749831,1.067397,1.842608,two-stage t; unit=run; df=R-1
MobilityLinear,sha3,10,,,,phase2,fe_rep_ms,ms,30,300,10.0,0.1988171,0.007984761,0.001457811,29,2.045,0.195835876,0.201798324,0.1988171,0.025657239,0.194066,0.18724,0.20852865,0.179148,0.413828,two-stage t; unit=run; df=R-1
MobilityLinear,sha3,10,,,,phase2,mac_ms,ms,30,300,10.0,0.00768842,0.000516577,9.4314e-05,29,2.045,0.007495549,0.007881291,0.00768842,0.001790773,0.007223,0.0069634,0.01085305,0.006862,0.02721,two-stage t; unit=run; df=R-1
MobilityLinear,sha3,10,,,,phase2,kdf_ms,ms,30,300,10.0,0.010909467,0.000539205,9.8445e-05,29,2.045,0.010708147,0.011110787,0.010909467,0.001841791,0.010348,0.009888,0.01564205,0.009617,0.020097,two-stage t; unit=run; df=R-1
MobilityLinear,sha3,10,,,,phase2,dh_ms,ms,30,300,10.0,0.105159613,0.004218922,0.000770266,29,2.045,0.103584419,0.106734807,0.105159613,0.01547495,0.1004045,0.09744705,0.12427905,0.097047,0.299229,two-stage t; unit=run; df=R-1
MobilityLinear,sha3,10,,,,phase3,latency_ms,ms,30,2700,90.0,0.416067179,0.001930268,0.000352417,29,2.045,0.415346486,0.416787872,0.416067179,0.050098434,0.432888,0.34837135,0.4853533,0.337614,0.539156,two-stage t; unit=run; df=R-1
MobilityLinear,sha3,10,,,,phase3,compute_ms,ms,30,2700,90.0,0.085266796,0.009680864,0.001767476,29,2.045,0.081652308,0.088881284,0.085266796,0.039501602,0.098856,0.0443205,0.13725505,0.04367,0.229681,two-stage t; unit=run; df=R-1
MobilityLinear,sha3,10,,,,phase3,net_ms,ms,30,2700,90.0,0.305658433,0.001424003,0.000259986,29,2.045,0.305126761,0.306190105,0.305658433,0.086116105,0.319618,0.20721275,0.41258875,0.204234,0.45615,two-stage t; unit=run; df=R-1
MobilityLinear,sha3,10,,,,phase3,overhead_bytes,B,30,2700,90.0,197.0,0.0,0.0,29,2.045,197.0,197.0,197.0,0.0,197.0,197.0,197.0,197.0,197.0,two-stage t; unit=run; df=R-1
MobilityRandomWalk,sha3,10,,,,phase2,latency_ms,ms,30,300,10.0,2.66484817,0.054764376,0.009998561,29,2.045,2.644401112,2.685295228,2.66484817,0.137556099,2.623797,2.56955335,2.92704655,2.55329,3.584463,two-stage t; unit=run; df=R-1
MobilityRandomWalk,sha3,10,,,,phase2,compute_ms,ms,30,300,10.0,1.591194767,0.053593859,0.009784855,29,2.045,1.571184738,1.611204796,1.591194767,0.136185063,1.5487085,1.507987,1.87185155,1.477149,2.4775,two-stage t; unit=run; df=R-1
MobilityRandomWalk,sha3,10,,,,phase2,net_ms,ms,30,300,10.0,1.073653403,0.005476757,0.000999914,29,2.045,1.071608578,1.075698228,1.073653403,0.017661622,1.071233,1.04939325,1.1050638,1.042024,1.142271,two-stage t; unit=run; df=R-1
MobilityRandomWalk,sha3,10,,,,phase2,wall_latency_ms,ms,30,300,10.0,1.502819727,0.006143427,0.001121631,29,2.045,1.500525991,1.505113463,1.502819727,0.022879578,1.501299,1.46840795,1.5393495,1.454556,1.581884,two-stage t; unit=run; df=R-1
MobilityRandomWalk,sha3,10,,,,phase2,overhead_bytes,B,30,300,10.0,777.0,0.0,0.0,29,2.045,777.0,777.0,777.0,0.0,777.0,777.0,777.0,777.0,777.0,two-stage t; unit=run; df=R-1
MobilityRandomWalk,sha3,10,,,,phase2,puf_eval_ms,ms,30,300,10.0,1.144491653,0.038518365,0.007032459,29,2.045,1.130110274,1.158873032,1.144491653,0.107218067,1.108197,1.08591995,1.35400115,1.068919,1.922053,two-stage t; unit=run; df=R-1
MobilityRandomWalk,sha3,10,,,,phase2,fe_rep_ms,ms,30,300,10.0,0.203708857,0.00976811,0.001783405,29,2.045,0.200061794,0.20735592,0.203708857,0.025898215,0.1972265,0.1884375,0.24748125,0.179389,0.356333,two-stage t; unit=run; df=R-1
MobilityRandomWalk,sha3,10,,,,phase2,mac_ms,ms,30,300,10.0,0.007767923,0.000640299,0.000116902,29,2.045,0.007528858,0.008006988,0.007767923,0.00177897,0.007264,0.00699295,0.0113391,0.006822,0.027381,two-stage t; unit=run; df=R-1
MobilityRandomWalk,sha3,10,,,,phase2,kdf_ms,ms,30,300,10.0,0.01125545,0.000835435,0.000152529,29,2.045,0.010943528,0.011567372,0.01125545,0.001986298,0.0105645,0.01003755,0.0150005,0.009748,0.024255,two-stage t; unit=run; df=R-1
MobilityRandomWalk,sha3,10,,,,phase2,dh_ms,ms,30,300,10.0,0.10697752,0.005086395,0.000928644,29,2.045,0.105078442,0.108876598,0.10697752,0.015418966,0.102593,0.099722,0.12710605,0.097319,0.302425,two-stage t; unit=run; df=R-1
MobilityRandomWalk,sha3,10,,,,phase3,latency_ms,ms,30,2700,90.0,0.417029016,0.001930265,0.000352417,29,2.045,0.416308324,0.417749708,0.417029016,0.050059054,0.4335325,0.34954565,0.4862527,0.337064,0.541603,two-stage t; unit=run; df=R-1
MobilityRandomWalk,sha3,10,,,,phase3,compute_ms,ms,30,2700,90.0,0.08398024,0.002550041,0.000465572,29,2.045,0.083028146,0.084932334,0.08398024,0.037990833,0.097569,0.044772,0.13168795,0.04369,0.219342,two-stage t; unit=run; df=R-1
MobilityRandomWalk,sha3,10,,,,phase3,net_ms,ms,30,2700,90.0,0.306380067,0.001424009,0.000259987,29,2.045,0.305848393,0.306911741,0.306380067,0.086373441,0.32045,0.2077809,0.41352435,0.204407,0.457474,two-stage t; unit=run; df=R-1
MobilityRandomWalk,sha3,10,,,,phase3,overhead_bytes,B,30,2700,90.0,197.0,0.0,0.0,29,2.045,197.0,197.0,197.0,0.0,197.0,197.0,197.0,197.0,197.0,two-stage t; unit=run; df=R-1
NoiseSweep,sha3,10,0.0,bch255-131-18\,,phase2,latency_ms,ms,3,30,10.0,2.609854733,0.050922947,0.029400377,2,4.303,2.48334491,2.736364556,2.609854733,0.134873602,2.568848,2.5268623,2.89794195,2.523145,3.105784,two-stage t; unit=run; df=R-1
NoiseSweep,sha3,10,0.0,bch255-131-18\,,phase2,compute_ms,ms,3,30,10.0,1.5359925,0.048061733,0.027748454,2,4.303,1.4165909,1.6553941,1.5359925,0.135442233,1.4860345,1.46359215,1.8413307,1.460608,2.027605,two-stage t; unit=run; df=R-1
NoiseSweep,sha3,10,0.0,bch255-131-18\,,phase2,net_ms,ms,3,30,10.0,1.073862233,0.002875208,0.001660002,2,4.303,1.066719244,1.081005222,1.073862233,0.015692458,1.0744465,1.05241915,1.0996274,1.0492,1.12207,two-stage t; unit=run; df=R-1
NoiseSweep,sha3,10,0.0,bch255-131-18\,,phase2,wall_latency_ms,ms,3,30,10.0,1.506050833,0.002202822,0.0012718,2,4.303,1.500578278,1.511523388,1.506050833,0.022526302,1.5006395,1.4819769,1.54682845,1.472252,1.560162,two-stage t; unit=run; df=R-1
NoiseSweep,sha3,10,0.0,bch255-131-18\,,phase2,overhead_bytes,B,3,30,10.0,777.0,0.0,0.0,2,4.303,777.0,777.0,777.0,0.0,777.0,777.0,777.0,777.0,777.0,two-stage t; unit=run; df=R-1
NoiseSweep,sha3,10,0.0,bch255-131-18\,,phase2,puf_eval_ms,ms,3,30,10.0,1.1963975,0.033796572,0.01951246,2,4.303,1.112435385,1.280359615,1.1963975,0.083241951,1.161564,1.14828385,1.41499615,1.145781,1.451661,two-stage t; unit=run; df=R-1
NoiseSweep,sha3,10,0.0,bch255-131-18\,,phase2,fe_rep_ms,ms,3,30,10.0,0.094395367,0.004383915,0.002531055,2,4.303,0.083504239,0.105286495,0.094395367,0.010925362,0.0920435,0.0896339,0.10249125,0.088773,0.149624,two-stage t; unit=run; df=R-1
NoiseSweep,sha3,10,0.0,bch255-131-18\,,phase2,mac_ms,ms,3,30,10.0,0.0078059,0.000697992,0.000402986,2,4.303,0.006071852,0.009539948,0.0078059,0.00161553,0.0071535,0.0070121,0.01191145,0.006973,0.012173,two-stage t; unit=run; df=R-1
NoiseSweep,sha3,10,0.0,bch255-131-18\,,phase2,kdf_ms,ms,3,30,10.0,0.0112159,0.000856094,0.000494266,2,4.303,0.009089073,0.013342727,0.0112159,0.00204082,0.0104335,0.00998555,0.01525975,0.009939,0.019075,two-stage t; unit=run; df=R-1
NoiseSweep,sha3,10,0.0,bch255-131-18\,,phase2,dh_ms,ms,3,30,10.0,0.109555567,0.009325797,0.005384251,2,4.303,0.086387133,0.132724001,0.109555567,0.037115429,0.099457,0.09801755,0.1351564,0.09797,0.298758,two-stage t; unit=run; df=R-1
NoiseSweep,sha3,10,0.0,bch255-131-18\,,phase3,latency_ms,ms,3,270,90.0,0.418206374,0.002691655,0.001554028,2,4.303,0.411519393,0.424893355,0.418206374,0.051007608,0.4317005,0.3490607,0.4888022,0.340248,0.518282,two-stage t; unit=run; df=R-1
NoiseSweep,sha3,10,0.0,bch255-131-18\,,phase3,compute_ms,ms,3,270,90.0,0.083783826,0.00473293,0.002732558,2,4.303,0.072025627,0.095542025,0.083783826,0.035378306,0.0963315,0.0441745,0.12546155,0.04397,0.167868,two-stage t; unit=run; df=R-1
NoiseSweep,sha3,10,0.0,bch255-131-18\,,phase3,net_ms,ms,3,270,90.0,0.306649281,0.002204511,0.001272775,2,4.303,0.30117253,0.312126032,0.306649281,0.085058988,0.3137825,0.20783555,0.4109506,0.204678,0.434927,two-stage t; unit=run; df=R-1
NoiseSweep,sha3,10,0.0,bch255-131-18\,,phase3,overhead_bytes,B,3,270,90.0,197.0,0.0,0.0,2,4.303,197.0,197.0,197.0,0.0,197.0,197.0,197.0,197.0,197.0,two-stage t; unit=run; df=R-1
NoiseSweep,sha3,10,0.0,bch255-91-25\,,phase2,latency_ms,ms,3,30,10.0,2.952465833,0.047358235,0.02734229,2,4.303,2.83481196,3.070119706,2.952465833,0.092924824,2.93127,2.86711665,3.12130105,2.842325,3.287973,two-stage t; unit=run; df=R-1
NoiseSweep,sha3,10,0.0,bch255-91-25\,,phase2,compute_ms,ms,3,30,10.0,1.8786036,0.044513136,0.025699671,2,4.303,1.768017915,1.989189285,1.8786036,0.087168038,1.848653,1.8012731,2.02874925,1.77805,2.205534,two-stage t; unit=run; df=R-1
NoiseSweep,sha3,10,0.0,bch255-91-25\,,phase2,net_ms,ms,3,30,10.0,1.073862233,0.002875208,0.001660002,2,4.303,1.066719244,1.081005222,1.073862233,0.015692458,1.0744465,1.05241915,1.0996274,1.0492,1.12207,two-stage t; unit=run; df=R-1
NoiseSweep,sha3,10,0.0,bch255-91-25\,,phase2,wall_latency_ms,ms,3,30,10.0,1.506050833,0.002202822,0.0012718,2,4.303,1.500578278,1.511523388,1.506050833,0.022526302,1.5006395,1.4819769,1.54682845,1.472252,1.560162,two-stage t; unit=run; df=R-1
NoiseSweep,sha3,10,0.0,bch255-91-25\,,phase2,overhead_bytes,B,3,30,10.0,777.0,0.0,0.0,2,4.303,777.0,777.0,777.0,0.0,777.0,777.0,777.0,777.0,777.0,two-stage t; unit=run; df=R-1
NoiseSweep,sha3,10,0.0,bch255-91-25\,,phase2,puf_eval_ms,ms,3,30,10.0,1.4770747,0.034202626,0.019746895,2,4.303,1.392103809,1.562045591,1.4770747,0.069594359,1.4532945,1.42379565,1.5695396,1.406638,1.774223,two-stage t; unit=run; df=R-1
NoiseSweep,sha3,10,0.0,bch255-91-25\,,phase2,fe_rep_ms,ms,3,30,10.0,0.153726367,0.004798992,0.002770699,2,4.303,0.141804048,0.165648686,0.153726367,0.010341046,0.1510215,0.14656045,0.17492875,0.143974,0.194637,two-stage t; unit=run; df=R-1
NoiseSweep,sha3,10,0.0,bch255-91-25\,,phase2,mac_ms,ms,3,30,10.0,0.0077343,0.000575974,0.000332539,2,4.303,0.006303386,0.009165214,0.0077343,0.001382957,0.007174,0.0069576,0.0105731,0.006922,0.012824,two-stage t; unit=run; df=R-1
NoiseSweep,sha3,10,0.0,bch255-91-25\,,phase2,kdf_ms,ms,3,30,10.0,0.010912267,0.000792851,0.000457753,2,4.303,0.008942557,0.012881977,0.010912267,0.001406785,0.010439,0.00996645,0.01376565,0.009837,0.016301,two-stage t; unit=run; df=R-1
NoiseSweep,sha3,10,0.0,bch255-91-25\,,phase2,dh_ms,ms,3,30,10.0,0.1042092,0.002735037,0.001579074,2,4.303,0.097414443,0.111003957,0.1042092,0.00994342,0.0991965,0.09730585,0.1265082,0.095936,0.134385,two-stage t; unit=run; df=R-1
NoiseSweep,sha3,10,0.0,bch255-91-25\,,phase3,latency_ms,ms,3,270,90.0,0.418206374,0.002691655,0.001554028,2,4.303,0.411519393,0.424893355,0.418206374,0.051007608,0.4317005,0.3490607,0.4888022,0.340248,0.518282,two-stage t; unit=run; df=R-1
NoiseSweep,sha3,10,0.0,bch255-91-25\,,phase3,compute_ms,ms,3,270,90.0,0.079956448,0.002022657,0.001167782,2,4.303,0.074931484,0.084981412,0.079956448,0.03608827,0.0804175,0.043007,0.1200675,0.042668,0.152148,two-stage t; unit=run; df=R-1
NoiseSweep,sha3,10,0.0,bch255-91-25\,,phase3,net_ms,ms,3,270,90.0,0.306649281,0.002204511,0.001272775,2,4.303,0.30117253,0.312126032,0.306649281,0.085058988,0.3137825,0.20783555,0.4109506,0.204678,0.434927,two-stage t; unit=run; df=R-1
NoiseSweep,sha3,10,0.0,bch255-91-25\,,phase3,overhead_bytes,B,3,270,90.0,197.0,0.0,0.0,2,4.303,197.0,197.0,197.0,0.0,197.0,197.0,197.0,197.0,197.0,two-stage t; unit=run; df=R-1
NoiseSweep,sha3,10,0.0,rep3-bch255-131-18\,,phase2,latency_ms,ms,3,30,10.0,5.828212333,0.030041581,0.017344515,2,4.303,5.753578885,5.902845781,5.828212333,0.143922539,5.792036,5.6807352,6.01805325,5.642783,6.441594,two-stage t; unit=run; df=R-1
NoiseSweep,sha3,10,0.0,rep3-bch255-131-18\,,phase2,compute_ms,ms,3,30,10.0,4.7543501,0.031564349,0.018223685,2,4.303,4.675933582,4.832766618,4.7543501,0.144594452,4.722582,4.5827407,4.94330885,4.565618,5.367229,two-stage t; unit=run; df=R-1
NoiseSweep,sha3,10,0.0,rep3-bch255-131-18\,,phase2,net_ms,ms,3,30,10.0,1.073862233,0.002875208,0.001660002,2,4.303,1.066719244,1.081005222,1.073862233,0.015692458,1.0744465,1.05241915,1.0996274,1.0492,1.12207,two-stage t; unit=run; df=R-1
NoiseSweep,sha3,10,0.0,rep3-bch255-131-18\,,phase2,wall_latency_ms,ms,3,30,10.0,1.506050833,0.002202822,0.0012718,2,4.303,1.500578278,1.511523388,1.506050833,0.022526302,1.5006395,1.4819769,1.54682845,1.472252,1.560162,two-stage t; unit=run; df=R-1
NoiseSweep,sha3,10,0.0,rep3-bch255-131-18\,,phase2,overhead_bytes,B,3,30,10.0,777.0,0.0,0.0,2,4.303,777.0,777.0,777.0,0.0,777.0,777.0,777.0,777.0,777.0,two-stage t; unit=run; df=R-1
NoiseSweep,sha3,10,0.0,rep3-bch255-131-18\,,phase2,puf_eval_ms,ms,3,30,10.0,4.385541233,0.033926701,0.01958759,2,4.303,4.301255833,4.469826633,4.385541233,0.127466449,4.3511965,4.23259545,4.54453825,4.22777,4.930408,two-stage t; unit=run; df=R-1
NoiseSweep,sha3,10,0.0,rep3-bch255-131-18\,,phase2,fe_rep_ms,ms,3,30,10.0,0.129667033,0.002050071,0.001183609,2,4.303,0.124573963,0.134760103,0.129667033,0.010533312,0.1263565,0.12140375,0.1556443,0.12001,0.164451,two-stage t; unit=run; df=R-1
NoiseSweep,sha3,10,0.0,rep3-bch255-131-18\,,phase2,mac_ms,ms,3,30,10.0,0.0074193,0.000158843,9.1708e-05,2,4.303,0.00702468,0.00781392,0.0074193,0.000511429,0.007249,0.0070355,0.008652,0.006802,0.008995,two-stage t; unit=run; df=R-1
NoiseSweep,sha3,10,0.0,rep3-bch255-131-18\,,phase2,kdf_ms,ms,3,30,10.0,0.011261,0.000456373,0.000263487,2,4.303,0.010127215,0.012394785,0.011261,0.001293122,0.0108795,0.0101645,0.013595,0.009978,0.015889,two-stage t; unit=run; df=R-1
NoiseSweep,sha3,10,0.0,rep3-bch255-131-18\,,phase2,dh_ms,ms,3,30,10.0,0.104922467,0.000625628,0.000361206,2,4.303,0.103368195,0.106476739,0.104922467,0.008713268,0.1008,0.0970327,0.12532455,0.095265,0.128816,two-stage t; unit=run; df=R-1
NoiseSweep,sha3,10,0.0,rep3-bch255-131-18\,,phase3,latency_ms,ms,3,270,90.0,0.418206374,0.002691655,0.001554028,2,4.303,0.411519393,0.424893355,0.418206374,0.051007608,0.4317005,0.3490607,0.4888022,0.340248,0.518282,two-stage t; unit=run; df=R-1
NoiseSweep,sha3,10,0.0,rep3-bch255-131-18\,,phase3,compute_ms,ms,3,270,90.0,0.080728933,0.001286132,0.000742549,2,4.303,0.077533746,0.08392412,0.080728933,0.036486767,0.080883,0.0431435,0.12165405,0.042669,0.164191,two-stage t; unit=run; df=R-1
NoiseSweep,sha3,10,0.0,rep3-bch255-131-18\,,phase3,net_ms,ms,3,270,90.0,0.306649281,0.002204511,0.001272775,2,4.303,0.30117253,0.312126032,0.306649281,0.085058988,0.3137825,0.20783555,0.4109506,0.204678,0.434927,two-stage t; unit=run; df=R-1
NoiseSweep,sha3,10,0.0,rep3-bch255-131-18\,,phase3,overhead_bytes,B,3,270,90.0,197.0,0.0,0.0,2,4.303,197.0,197.0,197.0,0.0,197.0,197.0,197.0,197.0,197.0,two-stage t; unit=run; df=R-1
NoiseSweep,sha3,10,0.01,bch255-131-18\,,phase2,latency_ms,ms,3,30,10.0,2.6764826,0.013451178,0.007766041,2,4.303,2.643065325,2.709899875,2.6764826,0.070628168,2.654999,2.6181315,2.8316981,2.613637,2.927258,two-stage t; unit=run; df=R-1
NoiseSweep,sha3,10,0.01,bch255-131-18\,,phase2,compute_ms,ms,3,30,10.0,1.602620367,0.015961513,0.009215384,2,4.303,1.56296657,1.642274164,1.602620367,0.067048908,1.5763745,1.5414457,1.7474438,1.539252,1.836897,two-stage t; unit=run; df=R-1
NoiseSweep,sha3,10,0.01,bch255-131-18\,,phase2,net_ms,ms,3,30,10.0,1.073862233,0.002875208,0.001660002,2,4.303,1.066719244,1.081005222,1.073862233,0.015692458,1.0744465,1.05241915,1.0996274,1.0492,1.12207,two-stage t; unit=run; df=R-1
NoiseSweep,sha3,10,0.01,bch255-131-18\,,phase2,wall_latency_ms,ms,3,30,10.0,1.506050833,0.002202822,0.0012718,2,4.303,1.500578278,1.511523388,1.506050833,0.022526302,1.5006395,1.4819769,1.54682845,1.472252,1.560162,two-stage t; unit=run; df=R-1
NoiseSweep,sha3,10,0.01,bch255-131-18\,,phase2,overhead_bytes,B,3,30,10.0,777.0,0.0,0.0,2,4.303,777.0,777.0,777.0,0.0,777.0,777.0,777.0,777.0,777.0,two-stage t; unit=run; df=R-1
NoiseSweep,sha3,10,0.01,bch255-131-18\,,phase2,puf_eval_ms,ms,3,30,10.0,1.184107,0.011427265,0.006597535,2,4.303,1.155717809,1.212496191,1.184107,0.053881603,1.168607,1.14454495,1.27503575,1.128088,1.404956,two-stage t; unit=run; df=R-1
NoiseSweep,sha3,10,0.01,bch255-131-18\,,phase2,fe_rep_ms,ms,3,30,10.0,0.1791003,0.004669119,0.002695717,2,4.303,0.167500629,0.190699971,0.1791003,0.013806747,0.1812175,0.1554145,0.19825415,0.145307,0.202281,two-stage t; unit=run; df=R-1
NoiseSweep,sha3,10,0.01,bch255-131-18\,,phase2,mac_ms,ms,3,30,10.0,0.007578467,0.000326164,0.000188311,2,4.303,0.006768165,0.008388769,0.007578467,0.001297303,0.007243,0.00696705,0.00919815,0.006803,0.013714,two-stage t; unit=run; df=R-1
NoiseSweep,sha3,10,0.01,bch255-131-18\,,phase2,kdf_ms,ms,3,30,10.0,0.0110293,0.000313433,0.000180961,2,4.303,0.010250626,0.011807974,0.0110293,0.001312527,0.0105695,0.01016845,0.01263555,0.009999,0.016771,two-stage t; unit=run; df=R-1
NoiseSweep,sha3,10,0.01,bch255-131-18\,,phase2,dh_ms,ms,3,30,10.0,0.105028267,0.001730745,0.000999246,2,4.303,0.100728511,0.109328023,0.105028267,0.010908282,0.1006895,0.0982435,0.11483105,0.097859,0.155947,two-stage t; unit=run; df=R-1
NoiseSweep,sha3,10,0.01,bch255-131-18\,,phase3,latency_ms,ms,3,270,90.0,0.418206374,0.002691655,0.001554028,2,4.303,0.411519393,0.424893355,0.418206374,0.051007608,0.4317005,0.3490607,0.4888022,0.340248,0.518282,two-stage t; unit=run; df=R-1
NoiseSweep,sha3,10,0.01,bch255-131-18\,,phase3,compute_ms,ms,3,270,90.0,0.082025378,0.000633487,0.000365744,2,4.303,0.080451582,0.083599174,0.082025378,0.037278795,0.095596,0.0433135,0.1243376,0.042548,0.154203,two-stage t; unit=run; df=R-1
NoiseSweep,sha3,10,0.01,bch255-131-18\,,phase3,net_ms,ms,3,270,90.0,0.306649281,0.002204511,0.001272775,2,4.303,0.30117253,0.312126032,0.306649281,0.085058988,0.3137825,0.20783555,0.4109506,0.204678,0.434927,two-stage t; unit=run; df=R-1
NoiseSweep,sha3,10,0.01,bch255-131-18\,,phase3,overhead_bytes,B,3,270,90.0,197.0,0.0,0.0,2,4.303,197.0,197.0,197.0,0.0,197.0,197.0,197.0,197.0,197.0,two-stage t; unit=run; df=R-1
NoiseSweep,sha3,10,0.01,bch255-91-25\,,phase2,latency_ms,ms,3,30,10.0,3.0324162,0.034013821,0.019637889,2,4.303,2.947914365,3.116918035,3.0324162,0.084284353,3.0115675,2.9575361,3.13087975,2.944798,3.399955,two-stage t; unit=run; df=R-1
NoiseSweep,sha3,10,0.01,bch255-91-25\,,phase2,compute_ms,ms,3,30,10.0,1.958553967,0.031371398,0.018112285,2,4.303,1.880616804,2.03649113,1.958553967,0.080639718,1.9362535,1.88771155,2.04221105,1.862745,2.317516,two-stage t; unit=run; df=R-1
NoiseSweep,sha3,10,0.01,bch255-91-25\,,phase2,net_ms,ms,3,30,10.0,1.073862233,0.002875208,0.001660002,2,4.303,1.066719244,1.081005222,1.073862233,0.015692458,1.0744465,1.05241915,1.0996274,1.0492,1.12207,two-stage t; unit=run; df=R-1
NoiseSweep,sha3,10,0.01,bch255-91-25\,,phase2,wall_latency_ms,ms,3,30,10.0,1.506050833,0.002202822,0.0012718,2,4.303,1.500578278,1.511523388,1.506050833,0.022526302,1.5006395,1.4819769,1.54682845,1.472252,1.560162,two-stage t; unit=run; df=R-1
NoiseSweep,sha3,10,0.01,bch255-91-25\,,phase2,overhead_bytes,B,3,30,10.0,777.0,0.0,0.0,2,4.303,777.0,777.0,777.0,0.0,777.0,777.0,777.0,777.0,777.0,two-stage t; unit=run; df=R-1
NoiseSweep,sha3,10,0.01,bch255-91-25\,,phase2,puf_eval_ms,ms,3,30,10.0,1.426063467,0.012331426,0.007119552,2,4.303,1.395428034,1.4566989,1.426063467,0.032590889,1.414112,1.39206015,1.48306685,1.387364,1.525817,two-stage t; unit=run; df=R-1
NoiseSweep,sha3,10,0.01,bch255-91-25\,,phase2,fe_rep_ms,ms,3,30,10.0,0.294819433,0.01918651,0.011077337,2,4.303,0.247153653,0.342485213,0.294819433,0.069027992,0.290377,0.25787995,0.3066978,0.231144,0.647627,two-stage t; unit=run; df=R-1
NoiseSweep,sha3,10,0.01,bch255-91-25\,,phase2,mac_ms,ms,3,30,10.0,0.007159633,8.3258e-05,4.8069e-05,2,4.303,0.006952792,0.007366474,0.007159633,0.000416558,0.0070225,0.006759,0.00787445,0.006722,0.008526,two-stage t; unit=run; df=R-1
NoiseSweep,sha3,10,0.01,bch255-91-25\,,phase2,kdf_ms,ms,3,30,10.0,0.010673633,0.000184052,0.000106262,2,4.303,0.010216386,0.01113088,0.010673633,0.001234541,0.010259,0.0097575,0.0135446,0.009698,0.014907,two-stage t; unit=run; df=R-1
NoiseSweep,sha3,10,0.01,bch255-91-25\,,phase2,dh_ms,ms,3,30,10.0,0.100434933,0.000245672,0.000141839,2,4.303,0.099824601,0.101045265,0.100434933,0.005558793,0.099217,0.09519145,0.11308585,0.095094,0.1146,two-stage t; unit=run; df=R-1
NoiseSweep,sha3,10,0.01,bch255-91-25\,,phase3,latency_ms,ms,3,270,90.0,0.418206374,0.002691655,0.001554028,2,4.303,0.411519393,0.424893355,0.418206374,0.051007608,0.4317005,0.3490607,0.4888022,0.340248,0.518282,two-stage t; unit=run; df=R-1
NoiseSweep,sha3,10,0.01,bch255-91-25\,,phase3,compute_ms,ms,3,270,90.0,0.0806397,0.002523312,0.001456835,2,4.303,0.07437094,0.08690846,0.0806397,0.036304838,0.093677,0.04279845,0.12257805,0.042628,0.138093,two-stage t; unit=run; df=R-1
NoiseSweep,sha3,10,0.01,bch255-91-25\,,phase3,net_ms,ms,3,270,90.0,0.306649281,0.002204511,0.001272775,2,4.303,0.30117253,0.312126032,0.306649281,0.085058988,0.3137825,0.20783555,0.4109506,0.204678,0.434927,two-stage t; unit=run; df=R-1
NoiseSweep,sha3,10,0.01,bch255-91-25\,,phase3,overhead_bytes,B,3,270,90.0,197.0,0.0,0.0,2,4.303,197.0,197.0,197.0,0.0,197.0,197.0,197.0,197.0,197.0,two-stage t; unit=run; df=R-1
NoiseSweep,sha3,10,0.01,rep3-bch255-131-18\,,phase2,latency_ms,ms,3,30,10.0,5.839749433,0.115567229,0.066722771,2,4.303,5.55264135,6.126857516,5.839749433,0.18420038,5.8259935,5.6278254,6.10631235,5.601587,6.565001,two-stage t; unit=run; df=R-1
NoiseSweep,sha3,10,0.01,rep3-bch255-131-18\,,phase2,compute_ms,ms,3,30,10.0,4.7658872,0.114654527,0.066195822,2,4.303,4.481046578,5.050727822,4.7658872,0.184500724,4.7485035,4.56604115,5.030761,4.531016,5.480777,two-stage t; unit=run; df=R-1
NoiseSweep,sha3,10,0.01,rep3-bch255-131-18\,,phase2,net_ms,ms,3,30,10.0,1.073862233,0.002875208,0.001660002,2,4.303,1.066719244,1.081005222,1.073862233,0.015692458,1.0744465,1.05241915,1.0996274,1.0492,1.12207,two-stage t; unit=run; df=R-1
NoiseSweep,sha3,10,0.01,rep3-bch255-131-18\,,phase2,wall_latency_ms,ms,3,30,10.0,1.506050833,0.002202822,0.0012718,2,4.303,1.500578278,1.511523388,1.506050833,0.022526302,1.5006395,1.4819769,1.54682845,1.472252,1.560162,two-stage t; unit=run; df=R-1
NoiseSweep,sha3,10,0.01,rep3-bch255-131-18\,,phase2,overhead_bytes,B,3,30,10.0,777.0,0.0,0.0,2,4.303,777.0,777.0,777.0,0.0,777.0,777.0,777.0,777.0,777.0,two-stage t; unit=run; df=R-1
NoiseSweep,sha3,10,0.01,rep3-bch255-131-18\,,phase2,puf_eval_ms,ms,3,30,10.0,4.374417267,0.086592418,0.049994156,2,4.303,4.159292414,4.58954212,4.374417267,0.138863929,4.3469785,4.20446345,4.55793625,4.173521,4.879525,two-stage t; unit=run; df=R-1
NoiseSweep,sha3,10,0.01,rep3-bch255-131-18\,,phase2,fe_rep_ms,ms,3,30,10.0,0.146017767,0.014532028,0.00839007,2,4.303,0.109915295,0.182120239,0.146017767,0.03474776,0.1280845,0.1221113,0.2259855,0.118818,0.248285,two-stage t; unit=run; df=R-1
NoiseSweep,sha3,10,0.01,rep3-bch255-131-18\,,phase2,mac_ms,ms,3,30,10.0,0.007620933,0.000613238,0.000354053,2,4.303,0.006097442,0.009144424,0.007620933,0.001171096,0.007264,0.0068645,0.0094527,0.006822,0.012793,two-stage t; unit=run; df=R-1
NoiseSweep,sha3,10,0.01,rep3-bch255-131-18\,,phase2,kdf_ms,ms,3,30,10.0,0.011475367,0.000896057,0.000517339,2,4.303,0.009249258,0.013701476,0.011475367,0.002406556,0.0106495,0.00999555,0.01715515,0.009958,0.020307,two-stage t; unit=run; df=R-1
NoiseSweep,sha3,10,0.01,rep3-bch255-131-18\,,phase2,dh_ms,ms,3,30,10.0,0.108611567,0.006676977,0.003854954,2,4.303,0.092023698,0.125199436,0.108611567,0.015869115,0.1009295,0.09515905,0.14680895,0.095074,0.157329,two-stage t; unit=run; df=R-1
NoiseSweep,sha3,10,0.01,rep3-bch255-131-18\,,phase3,latency_ms,ms,3,270,90.0,0.418206374,0.002691655,0.001554028,2,4.303,0.411519393,0.424893355,0.418206374,0.051007608,0.4317005,0.3490607,0.4888022,0.340248,0.518282,two-stage t; unit=run; df=R-1
NoiseSweep,sha3,10,0.01,rep3-bch255-131-18\,,phase3,compute_ms,ms,3,270,90.0,0.0844801,0.004875538,0.002814893,2,4.303,0.072367615,0.096592585,0.0844801,0.038462499,0.1056335,0.043078,0.13962505,0.042668,0.176403,two-stage t; unit=run; df=R-1
NoiseSweep,sha3,10,0.01,rep3-bch255-131-18\,,phase3,net_ms,ms,3,270,90.0,0.306649281,0.002204511,0.001272775,2,4.303,0.30117253,0.312126032,0.306649281,0.085058988,0.3137825,0.20783555,0.4109506,0.204678,0.434927,two-stage t; unit=run; df=R-1
NoiseSweep,sha3,10,0.01,rep3-bch255-131-18\,,phase3,overhead_bytes,B,3,270,90.0,197.0,0.0,0.0,2,4.303,197.0,197.0,197.0,0.0,197.0,197.0,197.0,197.0,197.0,two-stage t; unit=run; df=R-1
NoiseSweep,sha3,10,0.02,bch255-131-18\,,phase2,latency_ms,ms,3,30,10.0,2.655843433,0.05072638,0.029286889,2,4.303,2.529821949,2.781864917,2.655843433,0.066941093,2.6457215,2.570741,2.7706092,2.564999,2.885663,two-stage t; unit=run; df=R-1
NoiseSweep,sha3,10,0.02,bch255-131-18\,,phase2,compute_ms,ms,3,30,10.0,1.5819812,0.051106253,0.029506209,2,4.303,1.455015983,1.708946417,1.5819812,0.065827636,1.575184,1.5079413,1.6857391,1.504899,1.821388,two-stage t; unit=run; df=R-1
NoiseSweep,sha3,10,0.02,bch255-131-18\,,phase2,net_ms,ms,3,30,10.0,1.073862233,0.002875208,0.001660002,2,4.303,1.066719244,1.081005222,1.073862233,0.015692458,1.0744465,1.05241915,1.0996274,1.0492,1.12207,two-stage t; unit=run; df=R-1
NoiseSweep,sha3,10,0.02,bch255-131-18\,,phase2,wall_latency_ms,ms,3,30,10.0,1.506050833,0.002202822,0.0012718,2,4.303,1.500578278,1.511523388,1.506050833,0.022526302,1.5006395,1.4819769,1.54682845,1.472252,1.560162,two-stage t; unit=run; df=R-1
NoiseSweep,sha3,10,0.02,bch255-131-18\,,phase2,overhead_bytes,B,3,30,10.0,777.0,0.0,0.0,2,4.303,777.0,777.0,777.0,0.0,777.0,777.0,777.0,777.0,777.0,two-stage t; unit=run; df=R-1
NoiseSweep,sha3,10,0.02,bch255-131-18\,,phase2,puf_eval_ms,ms,3,30,10.0,1.1641727,0.035612517,0.020560896,2,4.303,1.075699163,1.252646237,1.1641727,0.046626674,1.1578875,1.112633,1.2407185,1.111908,1.332112,two-stage t; unit=run; df=R-1
NoiseSweep,sha3,10,0.02,bch255-131-18\,,phase2,fe_rep_ms,ms,3,30,10.0,0.1885724,0.010250303,0.005918015,2,4.303,0.163107181,0.214037619,0.1885724,0.016165745,0.1858805,0.1761589,0.2091633,0.159041,0.25638,two-stage t; unit=run; df=R-1
NoiseSweep,sha3,10,0.02,bch255-131-18\,,phase2,mac_ms,ms,3,30,10.0,0.007369033,6.0121e-05,3.4711e-05,2,4.303,0.007219672,0.007518394,0.007369033,0.000784226,0.007158,0.00683695,0.00854,0.006752,0.010849,two-stage t; unit=run; df=R-1
NoiseSweep,sha3,10,0.02,bch255-131-18\,,phase2,kdf_ms,ms,3,30,10.0,0.010381233,0.000345097,0.000199242,2,4.303,0.009523895,0.011238571,0.010381233,0.000607021,0.010279,0.009716,0.01125055,0.009657,0.012682,two-stage t; unit=run; df=R-1
NoiseSweep,sha3,10,0.02,bch255-131-18\,,phase2,dh_ms,ms,3,30,10.0,0.1007457,0.002120733,0.001224406,2,4.303,0.095477082,0.106014318,0.1007457,0.006532671,0.099322,0.095106,0.11657185,0.094875,0.121563,two-stage t; unit=run; df=R-1
NoiseSweep,sha3,10,0.02,bch255-131-18\,,phase3,latency_ms,ms,3,270,90.0,0.418206374,0.002691655,0.001554028,2,4.303,0.411519393,0.424893355,0.418206374,0.051007608,0.4317005,0.3490607,0.4888022,0.340248,0.518282,two-stage t; unit=run; df=R-1
NoiseSweep,sha3,10,0.02,bch255-131-18\,,phase3,compute_ms,ms,3,270,90.0,0.081809533,0.000466429,0.000269293,2,4.303,0.080650766,0.0829683,0.081809533,0.036640474,0.0865185,0.04436595,0.12362705,0.044211,0.141569,two-stage t; unit=run; df=R-1
NoiseSweep,sha3,10,0.02,bch255-131-18\,,phase3,net_ms,ms,3,270,90.0,0.306649281,0.002204511,0.001272775,2,4.303,0.30117253,0.312126032,0.306649281,0.085058988,0.3137825,0.20783555,0.4109506,0.204678,0.434927,two-stage t; unit=run; df=R-1
NoiseSweep,sha3,10,0.02,bch255-131-18\,,phase3,overhead_bytes,B,3,270,90.0,197.0,0.0,0.0,2,4.303,197.0,197.0,197.0,0.0,197.0,197.0,197.0,197.0,197.0,two-stage t; unit=run; df=R-1
NoiseSweep,sha3,10,0.02,bch255-91-25\,,phase2,latency_ms,ms,3,30,10.0,3.102805233,0.045892482,0.026496037,2,4.303,2.988792786,3.21681768,3.102805233,0.078255891,3.09709,3.0076346,3.19659925,2.966636,3.411439,two-stage t; unit=run; df=R-1
NoiseSweep,sha3,10,0.02,bch255-91-25\,,phase2,compute_ms,ms,3,30,10.0,2.028943,0.047590274,0.027476258,2,4.303,1.910712664,2.147173336,2.028943,0.078028161,2.011312,1.9342664,2.12319955,1.890736,2.337976,two-stage t; unit=run; df=R-1
NoiseSweep,sha3,10,0.02,bch255-91-25\,,phase2,net_ms,ms,3,30,10.0,1.073862233,0.002875208,0.001660002,2,4.303,1.066719244,1.081005222,1.073862233,0.015692458,1.0744465,1.05241915,1.0996274,1.0492,1.12207,two-stage t; unit=run; df=R-1
NoiseSweep,sha3,10,0.02,bch255-91-25\,,phase2,wall_latency_ms,ms,3,30,10.0,1.506050833,0.002202822,0.0012718,2,4.303,1.500578278,1.511523388,1.506050833,0.022526302,1.5006395,1.4819769,1.54682845,1.472252,1.560162,two-stage t; unit=run; df=R-1
NoiseSweep,sha3,10,0.02,bch255-91-25\,,phase2,overhead_bytes,B,3,30,10.0,777.0,0.0,0.0,2,4.303,777.0,777.0,777.0,0.0,777.0,777.0,777.0,777.0,777.0,two-stage t; unit=run; df=R-1
NoiseSweep,sha3,10,0.02,bch255-91-25\,,phase2,puf_eval_ms,ms,3,30,10.0,1.467259633,0.02235583,0.012907144,2,4.303,1.41172019,1.522799076,1.467259633,0.038723571,1.459706,1.40688745,1.5308517,1.394346,1.570539,two-stage t; unit=run; df=R-1
NoiseSweep,sha3,10,0.02,bch255-91-25\,,phase2,fe_rep_ms,ms,3,30,10.0,0.3184213,0.023141637,0.01336083,2,4.303,0.260929647,0.375912953,0.3184213,0.06009788,0.3102085,0.29571745,0.32785715,0.260517,0.630316,two-stage t; unit=run; df=R-1
NoiseSweep,sha3,10,0.02,bch255-91-25\,,phase2,mac_ms,ms,3,30,10.0,0.007553467,0.000289811,0.000167322,2,4.303,0.006833478,0.008273456,0.007553467,0.001039946,0.007258,0.007007,0.008454,0.006872,0.012643,two-stage t; unit=run; df=R-1
NoiseSweep,sha3,10,0.02,bch255-91-25\,,phase2,kdf_ms,ms,3,30,10.0,0.0106805,0.000371067,0.000214236,2,4.303,0.009758644,0.011602356,0.0106805,0.00085114,0.0105345,0.00997505,0.01240575,0.009878,0.013666,two-stage t; unit=run; df=R-1
NoiseSweep,sha3,10,0.02,bch255-91-25\,,phase2,dh_ms,ms,3,30,10.0,0.101801033,0.001056288,0.000609848,2,4.303,0.099176856,0.10442521,0.101801033,0.005797929,0.100204,0.09583845,0.1155736,0.095204,0.120971,two-stage t; unit=run; df=R-1
NoiseSweep,sha3,10,0.02,bch255-91-25\,,phase3,latency_ms,ms,3,270,90.0,0.418206374,0.002691655,0.001554028,2,4.303,0.411519393,0.424893355,0.418206374,0.051007608,0.4317005,0.3490607,0.4888022,0.340248,0.518282,two-stage t; unit=run; df=R-1
NoiseSweep,sha3,10,0.02,bch255-91-25\,,phase3,compute_ms,ms,3,270,90.0,0.08203157,0.00262348,0.001514667,2,4.303,0.075513958,0.088549182,0.08203157,0.036309775,0.091513,0.04332405,0.12308045,0.042959,0.138133,two-stage t; unit=run; df=R-1
NoiseSweep,sha3,10,0.02,bch255-91-25\,,phase3,net_ms,ms,3,270,90.0,0.306649281,0.002204511,0.001272775,2,4.303,0.30117253,0.312126032,0.306649281,0.085058988,0.3137825,0.20783555,0.4109506,0.204678,0.434927,two-stage t; unit=run; df=R-1
NoiseSweep,sha3,10,0.02,bch255-91-25\,,phase3,overhead_bytes,B,3,270,90.0,197.0,0.0,0.0,2,4.303,197.0,197.0,197.0,0.0,197.0,197.0,197.0,197.0,197.0,two-stage t; unit=run; df=R-1
NoiseSweep,sha3,10,0.02,rep3-bch255-131-18\,,phase2,latency_ms,ms,3,30,10.0,5.822489467,0.094797061,0.054731109,2,4.303,5.586981506,6.057997428,5.822489467,0.120847345,5.833907,5.64482075,5.99448825,5.612525,6.158056,two-stage t; unit=run; df=R-1
NoiseSweep,sha3,10,0.02,rep3-bch255-131-18\,,phase2,compute_ms,ms,3,30,10.0,4.748627233,0.093949637,0.054241848,2,4.303,4.51522456,4.982029906,4.748627233,0.120348581,4.7631015,4.5797415,4.9134841,4.536625,5.083528,two-stage t; unit=run; df=R-1
NoiseSweep,sha3,10,0.02,rep3-bch255-131-18\,,phase2,net_ms,ms,3,30,10.0,1.073862233,0.002875208,0.001660002,2,4.303,1.066719244,1.081005222,1.073862233,0.015692458,1.0744465,1.05241915,1.0996274,1.0492,1.12207,two-stage t; unit=run; df=R-1
NoiseSweep,sha3,10,0.02,rep3-bch255-131-18\,,phase2,wall_latency_ms,ms,3,30,10.0,1.506050833,0.002202822,0.0012718,2,4.303,1.500578278,1.511523388,1.506050833,0.022526302,1.5006395,1.4819769,1.54682845,1.472252,1.560162,two-stage t; unit=run; df=R-1
NoiseSweep,sha3,10,0.02,rep3-bch255-131-18\,,phase2,overhead_bytes,B,3,30,10.0,777.0,0.0,0.0,2,4.303,777.0,777.0,777.0,0.0,777.0,777.0,777.0,777.0,777.0,two-stage t; unit=run; df=R-1
NoiseSweep,sha3,10,0.02,rep3-bch255-131-18\,,phase2,puf_eval_ms,ms,3,30,10.0,4.361110833,0.086016892,0.049661876,2,4.303,4.147415782,4.574805884,4.361110833,0.10646751,4.365387,4.2106543,4.4993352,4.195551,4.670842,two-stage t; unit=run; df=R-1
NoiseSweep,sha3,10,0.02,rep3-bch255-131-18\,,phase2,fe_rep_ms,ms,3,30,10.0,0.152777333,0.005710257,0.003296818,2,4.303,0.138591123,0.166963543,0.152777333,0.028124646,0.1497595,0.12210345,0.1948872,0.11993,0.241192,two-stage t; unit=run; df=R-1
NoiseSweep,sha3,10,0.02,rep3-bch255-131-18\,,phase2,mac_ms,ms,3,30,10.0,0.007368467,0.000147046,8.4897e-05,2,4.303,0.007003155,0.007733779,0.007368467,0.000315007,0.0072835,0.006982,0.00799095,0.006822,0.008045,two-stage t; unit=run; df=R-1
NoiseSweep,sha3,10,0.02,rep3-bch255-131-18\,,phase2,kdf_ms,ms,3,30,10.0,0.010959067,0.000251641,0.000145285,2,4.303,0.010333906,0.011584228,0.010959067,0.00087052,0.01086,0.01007305,0.01287995,0.010018,0.013725,two-stage t; unit=run; df=R-1
NoiseSweep,sha3,10,0.02,rep3-bch255-131-18\,,phase2,dh_ms,ms,3,30,10.0,0.1031638,0.002424708,0.001399906,2,4.303,0.097140005,0.109187595,0.1031638,0.006770247,0.1007055,0.095891,0.1167951,0.095787,0.122875,two-stage t; unit=run; df=R-1
NoiseSweep,sha3,10,0.02,rep3-bch255-131-18\,,phase3,latency_ms,ms,3,270,90.0,0.418206374,0.002691655,0.001554028,2,4.303,0.411519393,0.424893355,0.418206374,0.051007608,0.4317005,0.3490607,0.4888022,0.340248,0.518282,two-stage t; unit=run; df=R-1
NoiseSweep,sha3,10,0.02,rep3-bch255-131-18\,,phase3,compute_ms,ms,3,270,90.0,0.081304211,0.002722227,0.001571678,2,4.303,0.074541278,0.088067144,0.081304211,0.036810024,0.08722,0.04326995,0.12599255,0.042968,0.149825,two-stage t; unit=run; df=R-1
NoiseSweep,sha3,10,0.02,rep3-bch255-131-18\,,phase3,net_ms,ms,3,270,90.0,0.306649281,0.002204511,0.001272775,2,4.303,0.30117253,0.312126032,0.306649281,0.085058988,0.3137825,0.20783555,0.4109506,0.204678,0.434927,two-stage t; unit=run; df=R-1
NoiseSweep,sha3,10,0.02,rep3-bch255-131-18\,,phase3,overhead_bytes,B,3,270,90.0,197.0,0.0,0.0,2,4.303,197.0,197.0,197.0,0.0,197.0,197.0,197.0,197.0,197.0,two-stage t; unit=run; df=R-1
NoiseSweep,sha3,10,0.03,bch255-131-18\,,phase2,latency_ms,ms,3,30,10.0,2.584939133,0.099935496,0.057697786,2,4.303,2.336665562,2.833212704,2.584939133,0.49787218,2.6552045,2.5840586,2.8896738,0.0,3.000811,two-stage t; unit=run; df=R-1
NoiseSweep,sha3,10,0.03,bch255-131-18\,,phase2,compute_ms,ms,3,30,10.0,1.546889067,0.043137925,0.024905693,2,4.303,1.439719872,1.654058262,1.546889067,0.308207769,1.580608,1.5256485,1.80802095,0.0,1.944032,two-stage t; unit=run; df=R-1
NoiseSweep,sha3,10,0.03,bch255-131-18\,,phase2,net_ms,ms,3,30,10.0,1.038050067,0.05935856,0.034270681,2,4.303,0.890583328,1.185516806,1.038050067,0.196683349,1.0739955,1.05026245,1.0996274,0.0,1.12207,two-stage t; unit=run; df=R-1
NoiseSweep,sha3,10,0.03,bch255-131-18\,,phase2,wall_latency_ms,ms,3,30,10.0,1.4566099,0.083742924,0.048349,2,4.303,1.248564154,1.664655646,1.4566099,0.27599673,1.5006395,1.47651845,1.54682845,0.0,1.560162,two-stage t; unit=run; df=R-1
NoiseSweep,sha3,10,0.03,bch255-131-18\,,phase2,overhead_bytes,B,3,30,10.0,751.1,44.860115916,25.9,2,4.303,639.6523,862.5477,751.1,141.860142394,777.0,777.0,777.0,0.0,777.0,two-stage t; unit=run; df=R-1
NoiseSweep,sha3,10,0.03,bch255-131-18\,,phase2,puf_eval_ms,ms,3,30,10.0,1.178684367,0.049307172,0.028467509,2,4.303,1.056188676,1.301180058,1.178684367,0.081287784,1.1555185,1.12066585,1.3465398,1.117408,1.490543,two-stage t; unit=run; df=R-1
NoiseSweep,sha3,10,0.03,bch255-131-18\,,phase2,fe_rep_ms,ms,3,30,10.0,0.196185,0.00943134,0.005445187,2,4.303,0.172754362,0.219615638,0.196185,0.018538123,0.192182,0.1841358,0.2181417,0.176744,0.281516,two-stage t; unit=run; df=R-1
NoiseSweep,sha3,10,0.03,bch255-131-18\,,phase2,mac_ms,ms,3,30,10.0,0.007044833,0.000245082,0.000141498,2,4.303,0.006435966,0.0076537,0.007044833,0.001434246,0.0071535,0.00683695,0.00787055,0.0,0.009668,two-stage t; unit=run; df=R-1
NoiseSweep,sha3,10,0.03,bch255-131-18\,,phase2,kdf_ms,ms,3,30,10.0,0.010278233,0.000286153,0.000165211,2,4.303,0.009567332,0.010989134,0.010278233,0.002177088,0.010319,0.0098295,0.0116485,0.0,0.015038,two-stage t; unit=run; df=R-1
NoiseSweep,sha3,10,0.03,bch255-131-18\,,phase2,dh_ms,ms,3,30,10.0,0.0979836,0.003826113,0.002209007,2,4.303,0.088478241,0.107488959,0.0979836,0.020032405,0.0988965,0.09570345,0.1154682,0.0,0.129037,two-stage t; unit=run; df=R-1
NoiseSweep,sha3,10,0.03,bch255-131-18\,,phase3,latency_ms,ms,3,264,88.0,0.405002488,0.020193842,0.01165892,2,4.303,0.354834155,0.455170821,0.40553239,0.078632512,0.4045455,0.3406606,0.4886525,0.041246,0.511244,two-stage t; unit=run; df=R-1
NoiseSweep,sha3,10,0.03,bch255-131-18\,,phase3,compute_ms,ms,3,264,88.0,0.077791961,0.005008536,0.00289168,2,4.303,0.065349064,0.090234858,0.077918841,0.037262929,0.046591,0.0429465,0.11917485,0.0,0.130018,two-stage t; unit=run; df=R-1
NoiseSweep,sha3,10,0.03,bch255-131-18\,,phase3,net_ms,ms,3,264,88.0,0.29780392,0.013127899,0.007579396,2,4.303,0.265189779,0.330418061,0.298148394,0.095046487,0.253894,0.2071434,0.41083515,0.0,0.435598,two-stage t; unit=run; df=R-1
NoiseSweep,sha3,10,0.03,bch255-131-18\,,phase3,overhead_bytes,B,3,264,88.0,192.142857143,8.412818208,4.857142857,2,4.303,171.242571429,213.043142857,192.363636364,21.286841551,197.0,197.0,197.0,95.0,197.0,two-stage t; unit=run; df=R-1
NoiseSweep,sha3,10,0.03,bch255-91-25\,,phase2,latency_ms,ms,3,30,10.0,3.1099893,0.042830569,0.024728241,2,4.303,3.003583681,3.216394919,3.1099893,0.072373685,3.0948155,3.0373445,3.2601383,3.013802,3.337883,two-stage t; unit=run; df=R-1
NoiseSweep,sha3,10,0.03,bch255-91-25\,,phase2,compute_ms,ms,3,30,10.0,2.036127067,0.040029296,0.023110925,2,4.303,1.936680757,2.135573377,2.036127067,0.06763129,2.0153395,1.96757635,2.17899665,1.964602,2.255444,two-stage t; unit=run; df=R-1
NoiseSweep,sha3,10,0.03,bch255-91-25\,,phase2,net_ms,ms,3,30,10.0,1.073862233,0.002875208,0.001660002,2,4.303,1.066719244,1.081005222,1.073862233,0.015692458,1.0744465,1.05241915,1.0996274,1.0492,1.12207,two-stage t; unit=run; df=R-1
NoiseSweep,sha3,10,0.03,bch255-91-25\,,phase2,wall_latency_ms,ms,3,30,10.0,1.506050833,0.002202822,0.0012718,2,4.303,1.500578278,1.511523388,1.506050833,0.022526302,1.5006395,1.4819769,1.54682845,1.472252,1.560162,two-stage t; unit=run; df=R-1
NoiseSweep,sha3,10,0.03,bch255-91-25\,,phase2,overhead_bytes,B,3,30,10.0,777.0,0.0,0.0,2,4.303,777.0,777.0,777.0,0.0,777.0,777.0,777.0,777.0,777.0,two-stage t; unit=run; df=R-1
NoiseSweep,sha3,10,0.03,bch255-91-25\,,phase2,puf_eval_ms,ms,3,30,10.0,1.4715268,0.031673093,0.018286469,2,4.303,1.392840125,1.550213475,1.4715268,0.057848946,1.4551525,1.4220504,1.60013365,1.418831,1.669831,two-stage t; unit=run; df=R-1
NoiseSweep,sha3,10,0.03,bch255-91-25\,,phase2,fe_rep_ms,ms,3,30,10.0,0.316453167,0.006292249,0.003632832,2,4.303,0.300821092,0.332085242,0.316453167,0.014114537,0.312518,0.30462395,0.3394894,0.297926,0.368766,two-stage t; unit=run; df=R-1
NoiseSweep,sha3,10,0.03,bch255-91-25\,,phase2,mac_ms,ms,3,30,10.0,0.008113533,0.000926817,0.000535098,2,4.303,0.005811006,0.01041606,0.008113533,0.003367852,0.007289,0.00695705,0.0100948,0.006803,0.025416,two-stage t; unit=run; df=R-1
NoiseSweep,sha3,10,0.03,bch255-91-25\,,phase2,kdf_ms,ms,3,30,10.0,0.010960667,0.000524578,0.000302865,2,4.303,0.009657438,0.012263896,0.010960667,0.00162342,0.0104785,0.0101025,0.0136183,0.009758,0.017942,two-stage t; unit=run; df=R-1
NoiseSweep,sha3,10,0.03,bch255-91-25\,,phase2,dh_ms,ms,3,30,10.0,0.103943767,0.002623441,0.001514644,2,4.303,0.097426252,0.110461282,0.103943767,0.010124337,0.099858,0.09642485,0.1213504,0.095636,0.145817,two-stage t; unit=run; df=R-1
NoiseSweep,sha3,10,0.03,bch255-91-25\,,phase3,latency_ms,ms,3,270,90.0,0.418206374,0.002691655,0.001554028,2,4.303,0.411519393,0.424893355,0.418206374,0.051007608,0.4317005,0.3490607,0.4888022,0.340248,0.518282,two-stage t; unit=run; df=R-1
NoiseSweep,sha3,10,0.03,bch255-91-25\,,phase3,compute_ms,ms,3,270,90.0,0.082201119,0.002471695,0.001427034,2,4.303,0.076060593,0.088341645,0.082201119,0.037761741,0.0891285,0.04338845,0.126168,0.042939,0.167137,two-stage t; unit=run; df=R-1
NoiseSweep,sha3,10,0.03,bch255-91-25\,,phase3,net_ms,ms,3,270,90.0,0.306649281,0.002204511,0.001272775,2,4.303,0.30117253,0.312126032,0.306649281,0.085058988,0.3137825,0.20783555,0.4109506,0.204678,0.434927,two-stage t; unit=run; df=R-1
NoiseSweep,sha3,10,0.03,bch255-91-25\,,phase3,overhead_bytes,B,3,270,90.0,197.0,0.0,0.0,2,4.303,197.0,197.0,197.0,0.0,197.0,197.0,197.0,197.0,197.0,two-stage t; unit=run; df=R-1
NoiseSweep,sha3,10,0.03,rep3-bch255-131-18\,,phase2,latency_ms,ms,3,30,10.0,5.9626199,0.024760335,0.014295386,2,4.303,5.901106854,6.024132946,5.9626199,0.169846175,5.937776,5.80127415,6.264842,5.782444,6.585332,two-stage t; unit=run; df=R-1
NoiseSweep,sha3,10,0.03,rep3-bch255-131-18\,,phase2,compute_ms,ms,3,30,10.0,4.888757667,0.023321161,0.013464479,2,4.303,4.830820016,4.946695318,4.888757667,0.172580825,4.856893,4.7282848,5.186672,4.660374,5.528553,two-stage t; unit=run; df=R-1
NoiseSweep,sha3,10,0.03,rep3-bch255-131-18\,,phase2,net_ms,ms,3,30,10.0,1.073862233,0.002875208,0.001660002,2,4.303,1.066719244,1.081005222,1.073862233,0.015692458,1.0744465,1.05241915,1.0996274,1.0492,1.12207,two-stage t; unit=run; df=R-1
NoiseSweep,sha3,10,0.03,rep3-bch255-131-18\,,phase2,wall_latency_ms,ms,3,30,10.0,1.506050833,0.002202822,0.0012718,2,4.303,1.500578278,1.511523388,1.506050833,0.022526302,1.5006395,1.4819769,1.54682845,1.472252,1.560162,two-stage t; unit=run; df=R-1
NoiseSweep,sha3,10,0.03,rep3-bch255-131-18\,,phase2,overhead_bytes,B,3,30,10.0,777.0,0.0,0.0,2,4.303,777.0,777.0,777.0,0.0,777.0,777.0,777.0,777.0,777.0,two-stage t; unit=run; df=R-1
NoiseSweep,sha3,10,0.03,rep3-bch255-131-18\,,phase2,puf_eval_ms,ms,3,30,10.0,4.458902733,0.029444444,0.016999758,2,4.303,4.385752776,4.53205269,4.458902733,0.149323011,4.420458,4.32613895,4.74516275,4.310732,5.009603,two-stage t; unit=run; df=R-1
NoiseSweep,sha3,10,0.03,rep3-bch255-131-18\,,phase2,fe_rep_ms,ms,3,30,10.0,0.189491067,0.010445907,0.006030947,2,4.303,0.163539901,0.215442233,0.189491067,0.039460811,0.1831155,0.1357625,0.26454275,0.124248,0.300621,two-stage t; unit=run; df=R-1
NoiseSweep,sha3,10,0.03,rep3-bch255-131-18\,,phase2,mac_ms,ms,3,30,10.0,0.007593,3.0303e-05,1.7495e-05,2,4.303,0.007517717,0.007668283,0.007593,0.000639659,0.0073885,0.00711905,0.0086635,0.007114,0.010219,two-stage t; unit=run; df=R-1
NoiseSweep,sha3,10,0.03,rep3-bch255-131-18\,,phase2,kdf_ms,ms,3,30,10.0,0.0112462,0.000237794,0.00013729,2,4.303,0.010655439,0.011836961,0.0112462,0.001051205,0.0109145,0.01026545,0.01355305,0.010139,0.014216,two-stage t; unit=run; df=R-1
NoiseSweep,sha3,10,0.03,rep3-bch255-131-18\,,phase2,dh_ms,ms,3,30,10.0,0.1051033,0.000766031,0.000442268,2,4.303,0.10320022,0.10700638,0.1051033,0.007426799,0.102142,0.09875595,0.11864825,0.09823,0.128425,two-stage t; unit=run; df=R-1
NoiseSweep,sha3,10,0.03,rep3-bch255-131-18\,,phase3,latency_ms,ms,3,270,90.0,0.418206374,0.002691655,0.001554028,2,4.303,0.411519393,0.424893355,0.418206374,0.051007608,0.4317005,0.3490607,0.4888022,0.340248,0.518282,two-stage t; unit=run; df=R-1
NoiseSweep,sha3,10,0.03,rep3-bch255-131-18\,,phase3,compute_ms,ms,3,270,90.0,0.08113617,0.002058876,0.001188693,2,4.303,0.076021226,0.086251114,0.08113617,0.036203607,0.0871045,0.043188,0.1218685,0.042768,0.145697,two-stage t; unit=run; df=R-1
NoiseSweep,sha3,10,0.03,rep3-bch255-131-18\,,phase3,net_ms,ms,3,270,90.0,0.306649281,0.002204511,0.001272775,2,4.303,0.30117253,0.312126032,0.306649281,0.085058988,0.3137825,0.20783555,0.4109506,0.204678,0.434927,two-stage t; unit=run; df=R-1
NoiseSweep,sha3,10,0.03,rep3-bch255-131-18\,,phase3,overhead_bytes,B,3,270,90.0,197.0,0.0,0.0,2,4.303,197.0,197.0,197.0,0.0,197.0,197.0,197.0,197.0,197.0,two-stage t; unit=run; df=R-1
NoiseSweep,sha3,10,0.05,bch255-131-18\,,phase2,latency_ms,ms,3,30,10.0,2.260474333,0.323931214,0.187021774,2,4.303,1.455719641,3.065229025,2.260474333,1.029845375,2.6865195,0.0,2.80609625,0.0,2.93774,two-stage t; unit=run; df=R-1
NoiseSweep,sha3,10,0.05,bch255-131-18\,,phase2,compute_ms,ms,3,30,10.0,1.367060967,0.19962023,0.115250794,2,4.303,0.871136802,1.862985132,1.367060967,0.62438062,1.610006,0.0,1.7234677,0.0,1.864277,two-stage t; unit=run; df=R-1
NoiseSweep,sha3,10,0.05,bch255-131-18\,,phase2,net_ms,ms,3,30,10.0,0.893413367,0.124540908,0.071903727,2,4.303,0.584011631,1.202815103,0.893413367,0.406576156,1.068811,0.0,1.0898498,0.0,1.107809,two-stage t; unit=run; df=R-1
NoiseSweep,sha3,10,0.05,bch255-131-18\,,phase2,wall_latency_ms,ms,3,30,10.0,1.2553376,0.174303341,0.100634081,2,4.303,0.82230915,1.68836605,1.2553376,0.571351277,1.4966065,0.0,1.5402085,0.0,1.560162,two-stage t; unit=run; df=R-1
NoiseSweep,sha3,10,0.05,bch255-131-18\,,phase2,overhead_bytes,B,3,30,10.0,647.5,89.720231832,51.8,2,4.303,424.6046,870.3954,647.5,294.52108993,777.0,0.0,777.0,0.0,777.0,two-stage t; unit=run; df=R-1
NoiseSweep,sha3,10,0.05,bch255-131-18\,,phase2,puf_eval_ms,ms,3,30,10.0,1.2007842,0.024530197,0.014162516,2,4.303,1.139842894,1.261725506,1.2007842,0.067538758,1.172269,1.15767795,1.3615133,1.154576,1.421495,two-stage t; unit=run; df=R-1
NoiseSweep,sha3,10,0.05,bch255-131-18\,,phase2,fe_rep_ms,ms,3,30,10.0,0.2087603,0.012800159,0.007390175,2,4.303,0.176960376,0.240560224,0.2087603,0.027491926,0.2044145,0.1832573,0.2507696,0.164351,0.322932,two-stage t; unit=run; df=R-1
NoiseSweep,sha3,10,0.05,bch255-131-18\,,phase2,mac_ms,ms,3,30,10.0,0.006207433,0.000885918,0.000511485,2,4.303,0.004006513,0.008408353,0.006207433,0.002838921,0.007263,0.0,0.00800555,0.0,0.008066,two-stage t; unit=run; df=R-1
NoiseSweep,sha3,10,0.05,bch255-131-18\,,phase2,kdf_ms,ms,3,30,10.0,0.009333867,0.001560668,0.000901052,2,4.303,0.00545664,0.013211094,0.009333867,0.004469149,0.010604,0.0,0.0139849,0.0,0.01628,two-stage t; unit=run; df=R-1
NoiseSweep,sha3,10,0.05,bch255-131-18\,,phase2,dh_ms,ms,3,30,10.0,0.0867587,0.01146909,0.006621682,2,4.303,0.058265601,0.115251799,0.0867587,0.040078486,0.100058,0.0,0.11587945,0.0,0.13162,two-stage t; unit=run; df=R-1
NoiseSweep,sha3,10,0.05,bch255-131-18\,,phase3,latency_ms,ms,3,232,77.3333,0.363288622,0.056859699,0.032827963,2,4.303,0.222029899,0.504547345,0.363714871,0.12718784,0.3837245,0.0424615,0.4931069,0.041666,0.534411,two-stage t; unit=run; df=R-1
NoiseSweep,sha3,10,0.05,bch255-131-18\,,phase3,compute_ms,ms,3,232,77.3333,0.070188012,0.012737561,0.007354034,2,4.303,0.038543603,0.101832421,0.070318642,0.041679784,0.045854,0.0,0.12362955,0.0,0.144636,two-stage t; unit=run; df=R-1
NoiseSweep,sha3,10,0.05,bch255-131-18\,,phase3,net_ms,ms,3,232,77.3333,0.26989465,0.037965284,0.021919267,2,4.303,0.175576044,0.364213256,0.270176522,0.119930753,0.243021,0.0,0.40910425,0.0,0.449345,two-stage t; unit=run; df=R-1
NoiseSweep,sha3,10,0.05,bch255-131-18\,,phase3,overhead_bytes,B,3,232,77.3333,176.6,21.984323299,12.692654975,2,4.303,121.983505644,231.216494356,176.775862069,40.755439168,197.0,95.0,197.0,95.0,197.0,two-stage t; unit=run; df=R-1
NoiseSweep,sha3,10,0.05,bch255-91-25\,,phase2,latency_ms,ms,3,30,10.0,3.1187678,0.046394393,0.026785815,2,4.303,3.003508437,3.234027163,3.1187678,0.080064683,3.1061435,3.04955565,3.1977959,3.016177,3.473603,two-stage t; unit=run; df=R-1
NoiseSweep,sha3,10,0.05,bch255-91-25\,,phase2,compute_ms,ms,3,30,10.0,2.044905567,0.043616417,0.02518195,2,4.303,1.936547636,2.153263498,2.044905567,0.08077817,2.023935,1.97170655,2.1429752,1.940277,2.398635,two-stage t; unit=run; df=R-1
NoiseSweep,sha3,10,0.05,bch255-91-25\,,phase2,net_ms,ms,3,30,10.0,1.073862233,0.002875208,0.001660002,2,4.303,1.066719244,1.081005222,1.073862233,0.015692458,1.0744465,1.05241915,1.0996274,1.0492,1.12207,two-stage t; unit=run; df=R-1
NoiseSweep,sha3,10,0.05,bch255-91-25\,,phase2,wall_latency_ms,ms,3,30,10.0,1.506050833,0.002202822,0.0012718,2,4.303,1.500578278,1.511523388,1.506050833,0.022526302,1.5006395,1.4819769,1.54682845,1.472252,1.560162,two-stage t; unit=run; df=R-1
NoiseSweep,sha3,10,0.05,bch255-91-25\,,phase2,overhead_bytes,B,3,30,10.0,777.0,0.0,0.0,2,4.303,777.0,777.0,777.0,0.0,777.0,777.0,777.0,777.0,777.0,two-stage t; unit=run; df=R-1
NoiseSweep,sha3,10,0.05,bch255-91-25\,,phase2,puf_eval_ms,ms,3,30,10.0,1.4654111,0.02106837,0.012163829,2,4.303,1.413070143,1.517752057,1.4654111,0.043838602,1.4547115,1.423881,1.55471725,1.398694,1.620801,two-stage t; unit=run; df=R-1
NoiseSweep,sha3,10,0.05,bch255-91-25\,,phase2,fe_rep_ms,ms,3,30,10.0,0.336154267,0.015728005,0.009080568,2,4.303,0.297080583,0.375227951,0.336154267,0.034066768,0.329965,0.3145477,0.3447087,0.312864,0.510817,two-stage t; unit=run; df=R-1
NoiseSweep,sha3,10,0.05,bch255-91-25\,,phase2,mac_ms,ms,3,30,10.0,0.0075568,0.000304235,0.00017565,2,4.303,0.006800977,0.008312623,0.0075568,0.001182434,0.0072225,0.00693815,0.0097862,0.006905,0.012473,two-stage t; unit=run; df=R-1
NoiseSweep,sha3,10,0.05,bch255-91-25\,,phase2,kdf_ms,ms,3,30,10.0,0.010544367,0.000359926,0.000207803,2,4.303,0.009650189,0.011438545,0.010544367,0.000620761,0.010399,0.0099945,0.011405,0.009868,0.012975,two-stage t; unit=run; df=R-1
NoiseSweep,sha3,10,0.05,bch255-91-25\,,phase2,dh_ms,ms,3,30,10.0,0.102733333,0.003136981,0.001811137,2,4.303,0.094940011,0.110526655,0.102733333,0.008601298,0.1004345,0.09576995,0.11353525,0.095516,0.141219,two-stage t; unit=run; df=R-1
NoiseSweep,sha3,10,0.05,bch255-91-25\,,phase3,latency_ms,ms,3,270,90.0,0.418206374,0.002691655,0.001554028,2,4.303,0.411519393,0.424893355,0.418206374,0.051007608,0.4317005,0.3490607,0.4888022,0.340248,0.518282,two-stage t; unit=run; df=R-1
NoiseSweep,sha3,10,0.05,bch255-91-25\,,phase3,compute_ms,ms,3,270,90.0,0.08169663,0.001269607,0.000733008,2,4.303,0.078542497,0.084850763,0.08169663,0.035977488,0.0921485,0.04456605,0.1218041,0.044171,0.129216,two-stage t; unit=run; df=R-1
NoiseSweep,sha3,10,0.05,bch255-91-25\,,phase3,net_ms,ms,3,270,90.0,0.306649281,0.002204511,0.001272775,2,4.303,0.30117253,0.312126032,0.306649281,0.085058988,0.3137825,0.20783555,0.4109506,0.204678,0.434927,two-stage t; unit=run; df=R-1
NoiseSweep,sha3,10,0.05,bch255-91-25\,,phase3,overhead_bytes,B,3,270,90.0,197.0,0.0,0.0,2,4.303,197.0,197.0,197.0,0.0,197.0,197.0,197.0,197.0,197.0,two-stage t; unit=run; df=R-1
NoiseSweep,sha3,10,0.05,rep3-bch255-131-18\,,phase2,latency_ms,ms,3,30,10.0,5.937616533,0.161179523,0.093057041,2,4.303,5.537192086,6.33804098,5.937616533,0.266546023,5.8754935,5.7167782,6.23357045,5.698964,7.093079,two-stage t; unit=run; df=R-1
NoiseSweep,sha3,10,0.05,rep3-bch255-131-18\,,phase2,compute_ms,ms,3,30,10.0,4.8637543,0.164003601,0.094687523,2,4.303,4.456313888,5.271194712,4.8637543,0.267680467,4.80405,4.6364884,5.1419157,4.609357,6.026629,two-stage t; unit=run; df=R-1
NoiseSweep,sha3,10,0.05,rep3-bch255-131-18\,,phase2,net_ms,ms,3,30,10.0,1.073862233,0.002875208,0.001660002,2,4.303,1.066719244,1.081005222,1.073862233,0.015692458,1.0744465,1.05241915,1.0996274,1.0492,1.12207,two-stage t; unit=run; df=R-1
NoiseSweep,sha3,10,0.05,rep3-bch255-131-18\,,phase2,wall_latency_ms,ms,3,30,10.0,1.506050833,0.002202822,0.0012718,2,4.303,1.500578278,1.511523388,1.506050833,0.022526302,1.5006395,1.4819769,1.54682845,1.472252,1.560162,two-stage t; unit=run; df=R-1
NoiseSweep,sha3,10,0.05,rep3-bch255-131-18\,,phase2,overhead_bytes,B,3,30,10.0,777.0,0.0,0.0,2,4.303,777.0,777.0,777.0,0.0,777.0,777.0,777.0,777.0,777.0,two-stage t; unit=run; df=R-1
NoiseSweep,sha3,10,0.05,rep3-bch255-131-18\,,phase2,puf_eval_ms,ms,3,30,10.0,4.409513833,0.13920176,0.080368174,2,4.303,4.063689582,4.755338084,4.409513833,0.256496723,4.346934,4.20680755,4.65932295,4.192014,5.56959,two-stage t; unit=run; df=R-1
NoiseSweep,sha3,10,0.05,rep3-bch255-131-18\,,phase2,fe_rep_ms,ms,3,30,10.0,0.2176493,0.018294559,0.010562369,2,4.303,0.172199428,0.263099172,0.2176493,0.040419984,0.2149085,0.18299285,0.2518941,0.124568,0.383563,two-stage t; unit=run; df=R-1
NoiseSweep,sha3,10,0.05,rep3-bch255-131-18\,,phase2,mac_ms,ms,3,30,10.0,0.007383867,0.000255017,0.000147234,2,4.303,0.006750319,0.008017415,0.007383867,0.000438239,0.0073075,0.0068265,0.0080929,0.006812,0.008826,two-stage t; unit=run; df=R-1
NoiseSweep,sha3,10,0.05,rep3-bch255-131-18\,,phase2,kdf_ms,ms,3,30,10.0,0.0108715,0.000547652,0.000316187,2,4.303,0.009510947,0.012232053,0.0108715,0.000827887,0.010759,0.0100095,0.0126705,0.009878,0.012964,two-stage t; unit=run; df=R-1
NoiseSweep,sha3,10,0.05,rep3-bch255-131-18\,,phase2,dh_ms,ms,3,30,10.0,0.104234733,0.002781452,0.001605872,2,4.303,0.097324666,0.1111448,0.104234733,0.007531542,0.1014805,0.096316,0.11954555,0.095886,0.126752,two-stage t; unit=run; df=R-1
NoiseSweep,sha3,10,0.05,rep3-bch255-131-18\,,phase3,latency_ms,ms,3,270,90.0,0.418206374,0.002691655,0.001554028,2,4.303,0.411519393,0.424893355,0.418206374,0.051007608,0.4317005,0.3490607,0.4888022,0.340248,0.518282,two-stage t; unit=run; df=R-1
NoiseSweep,sha3,10,0.05,rep3-bch255-131-18\,,phase3,compute_ms,ms,3,270,90.0,0.08341743,0.005196541,0.003000224,2,4.303,0.070507465,0.096327395,0.08341743,0.038751318,0.094478,0.04327995,0.1460656,0.043029,0.16946,two-stage t; unit=run; df=R-1
NoiseSweep,sha3,10,0.05,rep3-bch255-131-18\,,phase3,net_ms,ms,3,270,90.0,0.306649281,0.002204511,0.001272775,2,4.303,0.30117253,0.312126032,0.306649281,0.085058988,0.3137825,0.20783555,0.4109506,0.204678,0.434927,two-stage t; unit=run; df=R-1
NoiseSweep,sha3,10,0.05,rep3-bch255-131-18\,,phase3,overhead_bytes,B,3,270,90.0,197.0,0.0,0.0,2,4.303,197.0,197.0,197.0,0.0,197.0,197.0,197.0,197.0,197.0,two-stage t; unit=run; df=R-1
NoiseSweep,sha3,10,0.07,bch255-131-18\,,phase2,latency_ms,ms,3,30,10.0,0.5653954,0.300024706,0.173219345,2,4.303,-0.179967441,1.310758241,0.5653954,1.152639707,0.0,0.0,2.8152102,0.0,3.183423,two-stage t; unit=run; df=R-1
NoiseSweep,sha3,10,0.07,bch255-131-18\,,phase2,compute_ms,ms,3,30,10.0,0.350942333,0.194111915,0.112070566,2,4.303,-0.131297314,0.83318198,0.350942333,0.718162135,0.0,0.0,1.73089485,0.0,2.126949,two-stage t; unit=run; df=R-1
NoiseSweep,sha3,10,0.07,bch255-131-18\,,phase2,net_ms,ms,3,30,10.0,0.214453067,0.106252638,0.061344989,2,4.303,-0.049514421,0.478420555,0.214453067,0.436271405,0.0,0.0,1.07817,0.0,1.089336,two-stage t; unit=run; df=R-1
NoiseSweep,sha3,10,0.07,bch255-131-18\,,phase2,wall_latency_ms,ms,3,30,10.0,0.300961833,0.148704998,0.085854871,2,4.303,-0.068471675,0.670395341,0.300961833,0.612236776,0.0,0.0,1.5126626,0.0,1.518543,two-stage t; unit=run; df=R-1
NoiseSweep,sha3,10,0.07,bch255-131-18\,,phase2,overhead_bytes,B,3,30,10.0,155.4,77.7,44.860115916,2,4.303,-37.633078787,348.433078787,155.4,316.113205388,0.0,0.0,777.0,0.0,777.0,two-stage t; unit=run; df=R-1
NoiseSweep,sha3,10,0.07,bch255-131-18\,,phase2,puf_eval_ms,ms,3,30,10.0,1.2338012,0.041426049,0.023917341,2,4.303,1.130884884,1.336717516,1.2338012,0.106985129,1.195692,1.16997595,1.42925,1.166007,1.669661,two-stage t; unit=run; df=R-1
NoiseSweep,sha3,10,0.07,bch255-131-18\,,phase2,fe_rep_ms,ms,3,30,10.0,0.186853133,0.005620002,0.00324471,2,4.303,0.172891147,0.200815119,0.186853133,0.0327499,0.1796345,0.14853705,0.23695685,0.132292,0.266208,two-stage t; unit=run; df=R-1
NoiseSweep,sha3,10,0.07,bch255-131-18\,,phase2,mac_ms,ms,3,30,10.0,0.0018507,0.001168626,0.000674707,2,4.303,-0.001052562,0.004753962,0.0018507,0.003851592,0.0,0.0,0.0098833,0.0,0.012272,two-stage t; unit=run; df=R-1
NoiseSweep,sha3,10,0.07,bch255-131-18\,,phase2,kdf_ms,ms,3,30,10.0,0.002919333,0.001908866,0.001102084,2,4.303,-0.001822936,0.007661602,0.002919333,0.006162401,0.0,0.0,0.0166,0.0,0.020167,two-stage t; unit=run; df=R-1
NoiseSweep,sha3,10,0.07,bch255-131-18\,,phase2,dh_ms,ms,3,30,10.0,0.025985667,0.014136113,0.008161489,2,4.303,-0.009133219,0.061104553,0.025985667,0.053598269,0.0,0.0,0.1430955,0.0,0.159272,two-stage t; unit=run; df=R-1
NoiseSweep,sha3,10,0.07,bch255-131-18\,,phase3,latency_ms,ms,3,74,24.6667,0.176019586,0.029769808,0.017187607,2,4.303,0.102061315,0.249977857,0.183701378,0.119898281,0.2293215,0.04504,0.4130898,0.04358,0.478162,two-stage t; unit=run; df=R-1
NoiseSweep,sha3,10,0.07,bch255-131-18\,,phase3,compute_ms,ms,3,74,24.6667,0.039058869,0.012788462,0.007383422,2,4.303,0.007288004,0.070829734,0.042223635,0.046744336,0.045013,0.0,0.11397465,0.0,0.1964,two-stage t; unit=run; df=R-1
NoiseSweep,sha3,10,0.07,bch255-131-18\,,phase3,net_ms,ms,3,74,24.6667,0.137773638,0.019185994,0.011077039,2,4.303,0.09010914,0.185438136,0.142573378,0.133450279,0.2288195,0.0,0.31049395,0.0,0.40958,two-stage t; unit=run; df=R-1
NoiseSweep,sha3,10,0.07,bch255-131-18\,,phase3,overhead_bytes,B,3,74,24.6667,103.641666667,9.694596863,5.597178109,2,4.303,79.557009266,127.726324068,106.027027027,31.888922357,95.0,95.0,197.0,95.0,197.0,two-stage t; unit=run; df=R-1
NoiseSweep,sha3,10,0.07,bch255-91-25\,,phase2,latency_ms,ms,3,30,10.0,2.796417667,0.275224606,0.158901,2,4.303,2.112666662,3.480168672,2.796417667,1.129158531,3.166929,0.0,3.68008605,0.0,3.749568,two-stage t; unit=run; df=R-1
NoiseSweep,sha3,10,0.07,bch255-91-25\,,phase2,compute_ms,ms,3,30,10.0,1.8660455,0.211189434,0.121930277,2,4.303,1.34137952,2.39071148,1.8660455,0.764591586,2.106993,0.0,2.603352,0.0,2.698007,two-stage t; unit=run; df=R-1
NoiseSweep,sha3,10,0.07,bch255-91-25\,,phase2,net_ms,ms,3,30,10.0,0.930372167,0.064531349,0.037257192,2,4.303,0.770054471,1.090689863,0.930372167,0.371474324,1.071963,0.0,1.0991162,0.0,1.12207,two-stage t; unit=run; df=R-1
NoiseSweep,sha3,10,0.07,bch255-91-25\,,phase2,wall_latency_ms,ms,3,30,10.0,1.3061688,0.087957991,0.05078257,2,4.303,1.087651402,1.524686198,1.3061688,0.521502705,1.498128,0.0,1.54682845,0.0,1.560162,two-stage t; unit=run; df=R-1
NoiseSweep,sha3,10,0.07,bch255-91-25\,,phase2,overhead_bytes,B,3,30,10.0,673.4,44.860115916,25.9,2,4.303,561.9523,784.8477,673.4,268.64456713,777.0,0.0,777.0,0.0,777.0,two-stage t; unit=run; df=R-1
NoiseSweep,sha3,10,0.07,bch255-91-25\,,phase2,puf_eval_ms,ms,3,30,10.0,1.522719067,0.068355583,0.039465114,2,4.303,1.35290068,1.692537454,1.522719067,0.136227748,1.479307,1.41505575,1.84948815,1.406158,1.986572,two-stage t; unit=run; df=R-1
NoiseSweep,sha3,10,0.07,bch255-91-25\,,phase2,fe_rep_ms,ms,3,30,10.0,0.367974467,0.025742257,0.014862299,2,4.303,0.304021994,0.43192694,0.367974467,0.052343757,0.3522955,0.3297158,0.45054415,0.321399,0.582828,two-stage t; unit=run; df=R-1
NoiseSweep,sha3,10,0.07,bch255-91-25\,,phase2,mac_ms,ms,3,30,10.0,0.0067992,0.000937109,0.00054104,2,4.303,0.004471104,0.009127296,0.0067992,0.00296782,0.0074635,0.0,0.00883605,0.0,0.013694,two-stage t; unit=run; df=R-1
NoiseSweep,sha3,10,0.07,bch255-91-25\,,phase2,kdf_ms,ms,3,30,10.0,0.0103906,0.001516511,0.000875558,2,4.303,0.006623074,0.014158126,0.0103906,0.004713587,0.010835,0.0,0.0166303,0.0,0.019936,two-stage t; unit=run; df=R-1
NoiseSweep,sha3,10,0.07,bch255-91-25\,,phase2,dh_ms,ms,3,30,10.0,0.0951496,0.011718778,0.00676584,2,4.303,0.066036192,0.124263008,0.0951496,0.040880951,0.101957,0.0,0.1285519,0.0,0.172286,two-stage t; unit=run; df=R-1
NoiseSweep,sha3,10,0.07,bch255-91-25\,,phase3,latency_ms,ms,3,234,78.0,0.377735054,0.00367491,0.00212171,2,4.303,0.368605335,0.386864773,0.377952355,0.114032635,0.386087,0.04343185,0.4918049,0.041015,0.518131,two-stage t; unit=run; df=R-1
NoiseSweep,sha3,10,0.07,bch255-91-25\,,phase3,compute_ms,ms,3,234,78.0,0.074358995,0.002068199,0.001194075,2,4.303,0.069220889,0.079497101,0.074536009,0.041613819,0.047422,0.0,0.126322,0.0,0.134256,two-stage t; unit=run; df=R-1
NoiseSweep,sha3,10,0.07,bch255-91-25\,,phase3,net_ms,ms,3,234,78.0,0.280081382,0.002253299,0.001300943,2,4.303,0.274483425,0.285679339,0.280151256,0.113504692,0.2439005,0.0,0.4115799,0.0,0.435598,two-stage t; unit=run; df=R-1
NoiseSweep,sha3,10,0.07,bch255-91-25\,,phase3,overhead_bytes,B,3,234,78.0,182.134199134,0.50986777,0.294372294,2,4.303,180.867515152,183.400883116,182.179487179,36.02207606,197.0,95.0,197.0,95.0,197.0,two-stage t; unit=run; df=R-1
NoiseSweep,sha3,10,0.07,rep3-bch255-131-18\,,phase2,latency_ms,ms,3,30,10.0,5.9175671,0.059939213,0.034605921,2,4.303,5.768657823,6.066476377,5.9175671,0.124905653,5.909703,5.76336715,6.1291589,5.741521,6.214835,two-stage t; unit=run; df=R-1
NoiseSweep,sha3,10,0.07,rep3-bch255-131-18\,,phase2,compute_ms,ms,3,30,10.0,4.843704867,0.057159502,0.033001054,2,4.303,4.701701332,4.985708402,4.843704867,0.125284455,4.8325635,4.6900439,5.0697586,4.677146,5.136656,two-stage t; unit=run; df=R-1
NoiseSweep,sha3,10,0.07,rep3-bch255-131-18\,,phase2,net_ms,ms,3,30,10.0,1.073862233,0.002875208,0.001660002,2,4.303,1.066719244,1.081005222,1.073862233,0.015692458,1.0744465,1.05241915,1.0996274,1.0492,1.12207,two-stage t; unit=run; df=R-1
NoiseSweep,sha3,10,0.07,rep3-bch255-131-18\,,phase2,wall_latency_ms,ms,3,30,10.0,1.506050833,0.002202822,0.0012718,2,4.303,1.500578278,1.511523388,1.506050833,0.022526302,1.5006395,1.4819769,1.54682845,1.472252,1.560162,two-stage t; unit=run; df=R-1
NoiseSweep,sha3,10,0.07,rep3-bch255-131-18\,,phase2,overhead_bytes,B,3,30,10.0,777.0,0.0,0.0,2,4.303,777.0,777.0,777.0,0.0,777.0,777.0,777.0,777.0,777.0,two-stage t; unit=run; df=R-1
NoiseSweep,sha3,10,0.07,rep3-bch255-131-18\,,phase2,puf_eval_ms,ms,3,30,10.0,4.366709667,0.056461125,0.032597846,2,4.303,4.226441137,4.506978197,4.366709667,0.107706907,4.364551,4.2330931,4.57480995,4.22234,4.597087,two-stage t; unit=run; df=R-1
NoiseSweep,sha3,10,0.07,rep3-bch255-131-18\,,phase2,fe_rep_ms,ms,3,30,10.0,0.241648367,0.005197819,0.003000962,2,4.303,0.228735227,0.254561507,0.241648367,0.025167157,0.239258,0.21057545,0.29159365,0.208182,0.325457,two-stage t; unit=run; df=R-1
NoiseSweep,sha3,10,0.07,rep3-bch255-131-18\,,phase2,mac_ms,ms,3,30,10.0,0.0074166,0.000207558,0.000119834,2,4.303,0.006900956,0.007932244,0.0074166,0.000621703,0.007265,0.0070165,0.0082261,0.006972,0.0103,two-stage t; unit=run; df=R-1
NoiseSweep,sha3,10,0.07,rep3-bch255-131-18\,,phase2,kdf_ms,ms,3,30,10.0,0.011067833,0.000731626,0.000422404,2,4.303,0.009250227,0.012885439,0.011067833,0.001648677,0.010634,0.009977,0.0141377,0.009958,0.017792,two-stage t; unit=run; df=R-1
NoiseSweep,sha3,10,0.07,rep3-bch255-131-18\,,phase2,dh_ms,ms,3,30,10.0,0.1032901,0.003300795,0.001905715,2,4.303,0.095089809,0.111490391,0.1032901,0.009046774,0.100353,0.096887,0.12228405,0.096768,0.134276,two-stage t; unit=run; df=R-1
NoiseSweep,sha3,10,0.07,rep3-bch255-131-18\,,phase3,latency_ms,ms,3,270,90.0,0.418206374,0.002691655,0.001554028,2,4.303,0.411519393,0.424893355,0.418206374,0.051007608,0.4317005,0.3490607,0.4888022,0.340248,0.518282,two-stage t; unit=run; df=R-1
NoiseSweep,sha3,10,0.07,rep3-bch255-131-18\,,phase3,compute_ms,ms,3,270,90.0,0.081008941,0.001540347,0.00088932,2,4.303,0.077182198,0.084835684,0.081008941,0.035819143,0.0913775,0.0437835,0.12050855,0.043469,0.132283,two-stage t; unit=run; df=R-1
NoiseSweep,sha3,10,0.07,rep3-bch255-131-18\,,phase3,net_ms,ms,3,270,90.0,0.306649281,0.002204511,0.001272775,2,4.303,0.30117253,0.312126032,0.306649281,0.085058988,0.3137825,0.20783555,0.4109506,0.204678,0.434927,two-stage t; unit=run; df=R-1
NoiseSweep,sha3,10,0.07,rep3-bch255-131-18\,,phase3,overhead_bytes,B,3,270,90.0,197.0,0.0,0.0,2,4.303,197.0,197.0,197.0,0.0,197.0,197.0,197.0,197.0,197.0,two-stage t; unit=run; df=R-1
NoiseSweep,sha3,10,0.10,bch255-131-18\,,phase2,latency_ms,ms,3,30,10.0,0.0,0.0,0.0,2,4.303,0.0,0.0,0.0,0.0,0.0,0.0,0.0,0.0,0.0,two-stage t; unit=run; df=R-1
NoiseSweep,sha3,10,0.10,bch255-131-18\,,phase2,compute_ms,ms,3,30,10.0,0.0,0.0,0.0,2,4.303,0.0,0.0,0.0,0.0,0.0,0.0,0.0,0.0,0.0,two-stage t; unit=run; df=R-1
NoiseSweep,sha3,10,0.10,bch255-131-18\,,phase2,net_ms,ms,3,30,10.0,0.0,0.0,0.0,2,4.303,0.0,0.0,0.0,0.0,0.0,0.0,0.0,0.0,0.0,two-stage t; unit=run; df=R-1
NoiseSweep,sha3,10,0.10,bch255-131-18\,,phase2,wall_latency_ms,ms,3,30,10.0,0.0,0.0,0.0,2,4.303,0.0,0.0,0.0,0.0,0.0,0.0,0.0,0.0,0.0,two-stage t; unit=run; df=R-1
NoiseSweep,sha3,10,0.10,bch255-131-18\,,phase2,overhead_bytes,B,3,30,10.0,0.0,0.0,0.0,2,4.303,0.0,0.0,0.0,0.0,0.0,0.0,0.0,0.0,0.0,two-stage t; unit=run; df=R-1
NoiseSweep,sha3,10,0.10,bch255-131-18\,,phase2,puf_eval_ms,ms,3,30,10.0,1.1434558,0.006662765,0.003846749,2,4.303,1.126903238,1.160008362,1.1434558,0.01487682,1.136939,1.12926585,1.17160355,1.128689,1.174082,two-stage t; unit=run; df=R-1
NoiseSweep,sha3,10,0.10,bch255-131-18\,,phase2,fe_rep_ms,ms,3,30,10.0,0.139573367,0.006033065,0.003483192,2,4.303,0.124585193,0.154561541,0.139573367,0.016014702,0.13369,0.12335695,0.173908,0.122805,0.176935,two-stage t; unit=run; df=R-1
NoiseSweep,sha3,10,0.10,bch255-131-18\,,phase2,mac_ms,ms,3,30,10.0,0.0,0.0,0.0,2,4.303,0.0,0.0,0.0,0.0,0.0,0.0,0.0,0.0,0.0,two-stage t; unit=run; df=R-1
NoiseSweep,sha3,10,0.10,bch255-131-18\,,phase2,kdf_ms,ms,3,30,10.0,0.0,0.0,0.0,2,4.303,0.0,0.0,0.0,0.0,0.0,0.0,0.0,0.0,0.0,two-stage t; unit=run; df=R-1
NoiseSweep,sha3,10,0.10,bch255-131-18\,,phase2,dh_ms,ms,3,30,10.0,0.0,0.0,0.0,2,4.303,0.0,0.0,0.0,0.0,0.0,0.0,0.0,0.0,0.0,two-stage t; unit=run; df=R-1
NoiseSweep,sha3,10,0.10,bch255-91-25\,,phase2,latency_ms,ms,3,30,10.0,0.0,0.0,0.0,2,4.303,0.0,0.0,0.0,0.0,0.0,0.0,0.0,0.0,0.0,two-stage t; unit=run; df=R-1
NoiseSweep,sha3,10,0.10,bch255-91-25\,,phase2,compute_ms,ms,3,30,10.0,0.0,0.0,0.0,2,4.303,0.0,0.0,0.0,0.0,0.0,0.0,0.0,0.0,0.0,two-stage t; unit=run; df=R-1
NoiseSweep,sha3,10,0.10,bch255-91-25\,,phase2,net_ms,ms,3,30,10.0,0.0,0.0,0.0,2,4.303,0.0,0.0,0.0,0.0,0.0,0.0,0.0,0.0,0.0,two-stage t; unit=run; df=R-1
NoiseSweep,sha3,10,0.10,bch255-91-25\,,phase2,wall_latency_ms,ms,3,30,10.0,0.0,0.0,0.0,2,4.303,0.0,0.0,0.0,0.0,0.0,0.0,0.0,0.0,0.0,two-stage t; unit=run; df=R-1
NoiseSweep,sha3,10,0.10,bch255-91-25\,,phase2,overhead_bytes,B,3,30,10.0,0.0,0.0,0.0,2,4.303,0.0,0.0,0.0,0.0,0.0,0.0,0.0,0.0,0.0,two-stage t; unit=run; df=R-1
NoiseSweep,sha3,10,0.10,bch255-91-25\,,phase2,puf_eval_ms,ms,3,30,10.0,1.463873533,0.039943456,0.023061365,2,4.303,1.364640479,1.563106587,1.463873533,0.070237753,1.4463915,1.40892985,1.62751615,1.405937,1.696019,two-stage t; unit=run; df=R-1
NoiseSweep,sha3,10,0.10,bch255-91-25\,,phase2,fe_rep_ms,ms,3,30,10.0,0.290040367,0.007143006,0.004124016,2,4.303,0.272294724,0.30778601,0.290040367,0.034059183,0.2943045,0.2306894,0.34208055,0.215755,0.34356,two-stage t; unit=run; df=R-1
NoiseSweep,sha3,10,0.10,bch255-91-25\,,phase2,mac_ms,ms,3,30,10.0,0.0,0.0,0.0,2,4.303,0.0,0.0,0.0,0.0,0.0,0.0,0.0,0.0,0.0,two-stage t; unit=run; df=R-1
NoiseSweep,sha3,10,0.10,bch255-91-25\,,phase2,kdf_ms,ms,3,30,10.0,0.0,0.0,0.0,2,4.303,0.0,0.0,0.0,0.0,0.0,0.0,0.0,0.0,0.0,two-stage t; unit=run; df=R-1
NoiseSweep,sha3,10,0.10,bch255-91-25\,,phase2,dh_ms,ms,3,30,10.0,0.0,0.0,0.0,2,4.303,0.0,0.0,0.0,0.0,0.0,0.0,0.0,0.0,0.0,two-stage t; unit=run; df=R-1
NoiseSweep,sha3,10,0.10,rep3-bch255-131-18\,,phase2,latency_ms,ms,3,30,10.0,6.051651533,0.115113741,0.066460949,2,4.303,5.765670068,6.337632998,6.051651533,0.21116334,6.0056305,5.82977355,6.4302913,5.793218,6.849115,two-stage t; unit=run; df=R-1
NoiseSweep,sha3,10,0.10,rep3-bch255-131-18\,,phase2,compute_ms,ms,3,30,10.0,4.9777893,0.112726791,0.065082843,2,4.303,4.697737826,5.257840774,4.9777893,0.207525489,4.926336,4.77161595,5.355667,4.722647,5.767062,two-stage t; unit=run; df=R-1
NoiseSweep,sha3,10,0.10,rep3-bch255-131-18\,,phase2,net_ms,ms,3,30,10.0,1.073862233,0.002875208,0.001660002,2,4.303,1.066719244,1.081005222,1.073862233,0.015692458,1.0744465,1.05241915,1.0996274,1.0492,1.12207,two-stage t; unit=run; df=R-1
NoiseSweep,sha3,10,0.10,rep3-bch255-131-18\,,phase2,wall_latency_ms,ms,3,30,10.0,1.506050833,0.002202822,0.0012718,2,4.303,1.500578278,1.511523388,1.506050833,0.022526302,1.5006395,1.4819769,1.54682845,1.472252,1.560162,two-stage t; unit=run; df=R-1
NoiseSweep,sha3,10,0.10,rep3-bch255-131-18\,,phase2,overhead_bytes,B,3,30,10.0,777.0,0.0,0.0,2,4.303,777.0,777.0,777.0,0.0,777.0,777.0,777.0,777.0,777.0,two-stage t; unit=run; df=R-1
NoiseSweep,sha3,10,0.10,rep3-bch255-131-18\,,phase2,puf_eval_ms,ms,3,30,10.0,4.4698281,0.090623744,0.052321643,2,4.303,4.24468807,4.69496813,4.4698281,0.192356049,4.425237,4.28803685,4.83046255,4.276269,5.240847,two-stage t; unit=run; df=R-1
NoiseSweep,sha3,10,0.10,rep3-bch255-131-18\,,phase2,fe_rep_ms,ms,3,30,10.0,0.259787333,0.012183353,0.007034062,2,4.303,0.229519764,0.290054902,0.259787333,0.021282626,0.255869,0.24168175,0.29512525,0.222638,0.341496,two-stage t; unit=run; df=R-1
NoiseSweep,sha3,10,0.10,rep3-bch255-131-18\,,phase2,mac_ms,ms,3,30,10.0,0.007903167,0.000488674,0.000282136,2,4.303,0.006689136,0.009117198,0.007903167,0.001543735,0.007393,0.00714145,0.011057,0.007103,0.013785,two-stage t; unit=run; df=R-1
NoiseSweep,sha3,10,0.10,rep3-bch255-131-18\,,phase2,kdf_ms,ms,3,30,10.0,0.011664767,0.000704204,0.000406572,2,4.303,0.009915286,0.013414248,0.011664767,0.002083311,0.01114,0.01018445,0.01472385,0.010079,0.020879,two-stage t; unit=run; df=R-1
NoiseSweep,sha3,10,0.10,rep3-bch255-131-18\,,phase2,dh_ms,ms,3,30,10.0,0.108889167,0.00671881,0.003879107,2,4.303,0.092197371,0.125580963,0.108889167,0.016715587,0.1040905,0.09885295,0.130989,0.097739,0.185008,two-stage t; unit=run; df=R-1
NoiseSweep,sha3,10,0.10,rep3-bch255-131-18\,,phase3,latency_ms,ms,3,270,90.0,0.418206374,0.002691655,0.001554028,2,4.303,0.411519393,0.424893355,0.418206374,0.051007608,0.4317005,0.3490607,0.4888022,0.340248,0.518282,two-stage t; unit=run; df=R-1
NoiseSweep,sha3,10,0.10,rep3-bch255-131-18\,,phase3,compute_ms,ms,3,270,90.0,0.082370752,6.1129e-05,3.5293e-05,2,4.303,0.082218887,0.082522617,0.082370752,0.036617054,0.0904005,0.0443385,0.12448395,0.04353,0.140007,two-stage t; unit=run; df=R-1
NoiseSweep,sha3,10,0.10,rep3-bch255-131-18\,,phase3,net_ms,ms,3,270,90.0,0.306649281,0.002204511,0.001272775,2,4.303,0.30117253,0.312126032,0.306649281,0.085058988,0.3137825,0.20783555,0.4109506,0.204678,0.434927,two-stage t; unit=run; df=R-1
NoiseSweep,sha3,10,0.10,rep3-bch255-131-18\,,phase3,overhead_bytes,B,3,270,90.0,197.0,0.0,0.0,2,4.303,197.0,197.0,197.0,0.0,197.0,197.0,197.0,197.0,197.0,two-stage t; unit=run; df=R-1
StadiumSHA3,sha3,10,,,,phase2,latency_ms,ms,30,300,10.0,2.67667363,0.084855486,0.015492421,29,2.045,2.644991629,2.708355631,2.67667363,0.201421845,2.6151155,2.56882505,2.99345635,2.547248,4.253748,two-stage t; unit=run; df=R-1
StadiumSHA3,sha3,10,,,,phase2,compute_ms,ms,30,300,10.0,1.603020343,0.085915189,0.015685896,29,2.045,1.570942686,1.635098,1.603020343,0.201813369,1.5375825,1.50448795,1.9139709,1.497324,3.190077,two-stage t; unit=run; df=R-1
StadiumSHA3,sha3,10,,,,phase2,net_ms,ms,30,300,10.0,1.073653287,0.005476727,0.000999909,29,2.045,1.071608473,1.075698101,1.073653287,0.017660976,1.07122,1.04940425,1.1050716,1.042062,1.142258,two-stage t; unit=run; df=R-1
StadiumSHA3,sha3,10,,,,phase2,wall_latency_ms,ms,30,300,10.0,1.502819457,0.006143426,0.001121631,29,2.045,1.500525722,1.505113192,1.502819457,0.022880753,1.5013245,1.46847825,1.5393794,1.454595,1.581848,two-stage t; unit=run; df=R-1
StadiumSHA3,sha3,10,,,,phase2,overhead_bytes,B,30,300,10.0,777.0,0.0,0.0,29,2.045,777.0,777.0,777.0,0.0,777.0,777.0,777.0,777.0,777.0,two-stage t; unit=run; df=R-1
StadiumSHA3,sha3,10,,,,phase2,puf_eval_ms,ms,30,300,10.0,1.153216107,0.059659781,0.010892336,29,2.045,1.13094128,1.175490934,1.153216107,0.150789516,1.104164,1.08680195,1.4289218,1.07995,2.337014,two-stage t; unit=run; df=R-1
StadiumSHA3,sha3,10,,,,phase2,fe_rep_ms,ms,30,300,10.0,0.206755757,0.013942926,0.002545618,29,2.045,0.201549967,0.211961547,0.206755757,0.034559129,0.1965355,0.18800205,0.28975155,0.182164,0.419949,two-stage t; unit=run; df=R-1
StadiumSHA3,sha3,10,,,,phase2,mac_ms,ms,30,300,10.0,0.007743283,0.000534228,9.7536e-05,29,2.045,0.007543821,0.007942745,0.007743283,0.001444952,0.007268,0.0070516,0.01084595,0.006942,0.016691,two-stage t; unit=run; df=R-1
StadiumSHA3,sha3,10,,,,phase2,kdf_ms,ms,30,300,10.0,0.011336673,0.000894327,0.000163281,29,2.045,0.011002763,0.011670583,0.011336673,0.002192621,0.0105835,0.01003895,0.01579015,0.009888,0.024154,two-stage t; unit=run; df=R-1
StadiumSHA3,sha3,10,,,,phase2,dh_ms,ms,30,300,10.0,0.10656927,0.00642762,0.001173517,29,2.045,0.104169427,0.108969113,0.10656927,0.017148444,0.1007095,0.09868955,0.12427775,0.097609,0.279321,two-stage t; unit=run; df=R-1
StadiumSHA3,sha3,10,,,,phase3,latency_ms,ms,30,2700,90.0,0.417075024,0.001930269,0.000352417,29,2.045,0.416354331,0.417795717,0.417075024,0.050063718,0.433477,0.34973555,0.4863805,0.337096,0.541655,two-stage t; unit=run; df=R-1
StadiumSHA3,sha3,10,,,,phase3,compute_ms,ms,30,2700,90.0,0.086396813,0.008878143,0.00162092,29,2.045,0.083082032,0.089711594,0.086396813,0.040566667,0.101902,0.044491,0.15236,0.04402,0.213783,two-stage t; unit=run; df=R-1
StadiumSHA3,sha3,10,,,,phase3,net_ms,ms,30,2700,90.0,0.306414416,0.001424016,0.000259989,29,2.045,0.305882739,0.306946093,0.306414416,0.086380598,0.3207025,0.2077955,0.41357455,0.204421,0.457456,two-stage t; unit=run; df=R-1
StadiumSHA3,sha3,10,,,,phase3,overhead_bytes,B,30,2700,90.0,197.0,0.0,0.0,29,2.045,197.0,197.0,197.0,0.0,197.0,197.0,197.0,197.0,197.0,two-stage t; unit=run; df=R-1
StadiumSPONGENT,spongent,10,,,,phase2,latency_ms,ms,30,300,10.0,5.532301783,0.082258979,0.015018366,29,2.045,5.501589224,5.563014342,5.532301783,0.188773045,5.4785575,5.32387315,5.9259428,5.252672,6.584221,two-stage t; unit=run; df=R-1
StadiumSPONGENT,spongent,10,,,,phase2,compute_ms,ms,30,300,10.0,4.453315143,0.081925299,0.014957445,29,2.045,4.422727168,4.483903118,4.453315143,0.188588833,4.3926165,4.2398765,4.85283145,4.179924,5.485724,two-stage t; unit=run; df=R-1
StadiumSPONGENT,spongent,10,,,,phase2,net_ms,ms,30,300,10.0,1.078986643,0.005476791,0.000999921,29,2.045,1.076941805,1.081031481,1.078986643,0.017660967,1.0765535,1.05473725,1.1104046,1.047396,1.147591,two-stage t; unit=run; df=R-1
StadiumSPONGENT,spongent,10,,,,phase2,wall_latency_ms,ms,30,300,10.0,1.508152763,0.00614346,0.001121637,29,2.045,1.505859015,1.510446511,1.508152763,0.02288068,1.506658,1.47381125,1.5447124,1.459929,1.587181,two-stage t; unit=run; df=R-1
StadiumSPONGENT,spongent,10,,,,phase2,overhead_bytes,B,30,300,10.0,781.0,0.0,0.0,29,2.045,781.0,781.0,781.0,0.0,781.0,781.0,781.0,781.0,781.0,two-stage t; unit=run; df=R-1
StadiumSPONGENT,spongent,10,,,,phase2,puf_eval_ms,ms,30,300,10.0,1.13169705,0.038461325,0.007022045,29,2.045,1.117336968,1.146057132,1.13169705,0.101076188,1.0973765,1.053822,1.32026255,1.043052,1.727687,two-stage t; unit=run; df=R-1
StadiumSPONGENT,spongent,10,,,,phase2,fe_rep_ms,ms,30,300,10.0,0.49151332,0.014599161,0.00266543,29,2.045,0.486062516,0.496964124,0.49151332,0.042581029,0.481483,0.4610845,0.54482325,0.454222,0.740338,two-stage t; unit=run; df=R-1
StadiumSPONGENT,spongent,10,,,,phase2,mac_ms,ms,30,300,10.0,0.810449847,0.013643191,0.002490894,29,2.045,0.805355968,0.815543726,0.810449847,0.03685102,0.800613,0.77516405,0.8588142,0.7636,1.055164,two-stage t; unit=run; df=R-1
StadiumSPONGENT,spongent,10,,,,phase2,kdf_ms,ms,30,300,10.0,0.586663763,0.009096356,0.00166076,29,2.045,0.583267509,0.590060017,0.586663763,0.025420693,0.5795575,0.5622979,0.62804305,0.551521,0.732984,two-stage t; unit=run; df=R-1
StadiumSPONGENT,spongent,10,,,,phase2,dh_ms,ms,30,300,10.0,0.108317617,0.004909449,0.000896339,29,2.045,0.106484604,0.11015063,0.108317617,0.01482186,0.104231,0.0977864,0.12506405,0.095705,0.306232,two-stage t; unit=run; df=R-1
StadiumSPONGENT,spongent,10,,,,phase3,latency_ms,ms,30,2700,90.0,0.417075024,0.001930269,0.000352417,29,2.045,0.416354331,0.417795717,0.417075024,0.050063718,0.433477,0.34973555,0.4863805,0.337096,0.541655,two-stage t; unit=run; df=R-1
StadiumSPONGENT,spongent,10,,,,phase3,compute_ms,ms,30,2700,90.0,0.967653512,0.01802764,0.003291382,29,2.045,0.960922636,0.974384388,0.967653512,0.41302431,1.085139,0.539755,1.435565,0.517278,2.02411,two-stage t; unit=run; df=R-1
StadiumSPONGENT,spongent,10,,,,phase3,net_ms,ms,30,2700,90.0,0.306414416,0.001424016,0.000259989,29,2.045,0.305882739,0.306946093,0.306414416,0.086380598,0.3207025,0.2077955,0.41357455,0.204421,0.457456,two-stage t; unit=run; df=R-1
StadiumSPONGENT,spongent,10,,,,phase3,overhead_bytes,B,30,2700,90.0,197.0,0.0,0.0,29,2.045,197.0,197.0,197.0,0.0,197.0,197.0,197.0,197.0,197.0,two-stage t; unit=run; df=R-1
Swarm20,sha3,20,,,,phase2,latency_ms,ms,30,600,20.0,3.36860603,0.044952797,0.00820722,29,2.045,3.351822264,3.385389796,3.36860603,0.1358001,3.328018,3.2848399,3.6283781,3.237056,4.167403,two-stage t; unit=run; df=R-1
Swarm20,sha3,20,,,,phase2,compute_ms,ms,30,600,20.0,1.575716317,0.045496878,0.008306555,29,2.045,1.558729411,1.592703223,1.575716317,0.135316391,1.5295135,1.50526395,1.84545165,1.455057,2.355907,two-stage t; unit=run; df=R-1
Swarm20,sha3,20,,,,phase2,net_ms,ms,30,600,20.0,1.792889713,0.003974437,0.00072563,29,2.045,1.7914058,1.794373626,1.792889713,0.016946012,1.7910765,1.7676579,1.8242048,1.763597,1.851781,two-stage t; unit=run; df=R-1
Swarm20,sha3,20,,,,phase2,wall_latency_ms,ms,30,600,20.0,2.222145697,0.006091857,0.001112216,29,2.045,2.219871216,2.224420178,2.222145697,0.02436358,2.2199615,2.1874442,2.26655495,2.167063,2.312622,two-stage t; unit=run; df=R-1
Swarm20,sha3,20,,,,phase2,overhead_bytes,B,30,600,20.0,1317.0,0.0,0.0,29,2.045,1317.0,1317.0,1317.0,0.0,1317.0,1317.0,1317.0,1317.0,1317.0,two-stage t; unit=run; df=R-1
Swarm20,sha3,20,,,,phase2,puf_eval_ms,ms,30,600,20.0,1.134608542,0.032644564,0.005960055,29,2.045,1.12242023,1.146796854,1.134608542,0.105455141,1.1002065,1.08920295,1.3519866,1.054853,1.812052,two-stage t; unit=run; df=R-1
Swarm20,sha3,20,,,,phase2,fe_rep_ms,ms,30,600,20.0,0.201377688,0.007895652,0.001441542,29,2.045,0.198429734,0.204325642,0.201377688,0.02577445,0.1946215,0.186598,0.25639555,0.18001,0.371541,two-stage t; unit=run; df=R-1
Swarm20,sha3,20,,,,phase2,mac_ms,ms,30,600,20.0,0.00759763,0.000352793,6.4411e-05,29,2.045,0.00746591,0.00772935,0.00759763,0.001277402,0.007183,0.00697395,0.01036005,0.006702,0.019265,two-stage t; unit=run; df=R-1
Swarm20,sha3,20,,,,phase2,kdf_ms,ms,30,600,20.0,0.010991227,0.000586312,0.000107045,29,2.045,0.010772319,0.011210135,0.010991227,0.002011298,0.010288,0.009868,0.01546005,0.009488,0.027751,two-stage t; unit=run; df=R-1
Swarm20,sha3,20,,,,phase2,dh_ms,ms,30,600,20.0,0.104189293,0.002547166,0.000465047,29,2.045,0.103238272,0.105140314,0.104189293,0.011398868,0.0999785,0.0987105,0.1225655,0.095386,0.267631,two-stage t; unit=run; df=R-1
Swarm20,sha3,20,,,,phase3,latency_ms,ms,30,11400,380.0,0.416365913,0.001044455,0.000190691,29,2.045,0.415975951,0.416755875,0.416365913,0.050100985,0.4324715,0.34915005,0.4865601,0.336245,0.547497,two-stage t; unit=run; df=R-1
Swarm20,sha3,20,,,,phase3,compute_ms,ms,30,11400,380.0,0.084005639,0.006395335,0.001167623,29,2.045,0.08161785,0.086393428,0.084005639,0.038177272,0.102918,0.04373,0.133916,0.042638,0.203765,two-stage t; unit=run; df=R-1
Swarm20,sha3,20,,,,phase3,net_ms,ms,30,11400,380.0,0.306099239,0.000739722,0.000135054,29,2.045,0.305823053,0.306375425,0.306099239,0.08684064,0.321586,0.2070822,0.41480485,0.204004,0.488145,two-stage t; unit=run; df=R-1
Swarm20,sha3,20,,,,phase3,overhead_bytes,B,30,11400,380.0,197.0,0.0,0.0,29,2.045,197.0,197.0,197.0,0.0,197.0,197.0,197.0,197.0,197.0,two-stage t; unit=run; df=R-1
