idx,run_id,config,runnumber,repetition,seedset,uav_id,success,wall_latency_ms,bytes_sent,bytes_received,gs_m1_attempts,gs_m4_successes
0,Inet80211SHA3-0-20260810-15:02:28-742143,Inet80211SHA3,0,0,0,0,1,6.764587,147,630,10,10
1,Inet80211SHA3-0-20260810-15:02:28-742143,Inet80211SHA3,0,0,0,1,1,12.356672,147,630,10,10
2,Inet80211SHA3-0-20260810-15:02:28-742143,Inet80211SHA3,0,0,0,2,1,9.940981,147,630,10,10
3,Inet80211SHA3-0-20260810-15:02:28-742143,Inet80211SHA3,0,0,0,3,1,12.861229,147,630,10,10
4,Inet80211SHA3-0-20260810-15:02:28-742143,Inet80211SHA3,0,0,0,4,1,14.031459,147,630,10,10
5,Inet80211SHA3-0-20260810-15:02:28-742143,Inet80211SHA3,0,0,0,5,1,14.796161,147,630,10,10
6,Inet80211SHA3-0-20260810-15:02:28-742143,Inet80211SHA3,0,0,0,6,1,3.999277,147,630,10,10
7,Inet80211SHA3-0-20260810-15:02:28-742143,Inet80211SHA3,0,0,0,7,1,13.70631,147,630,10,10
8,Inet80211SHA3-0-20260810-15:02:28-742143,Inet80211SHA3,0,0,0,8,1,11.692015,147,630,10,10
9,Inet80211SHA3-0-20260810-15:02:28-742143,Inet80211SHA3,0,0,0,9,1,11.147169,147,630,10,10
10,Inet80211SHA3-1-20260810-15:02:28-742143,Inet80211SHA3,1,1,1,0,1,15.561645,147,630,10,10
11,Inet80211SHA3-1-20260810-15:02:28-742143,Inet80211SHA3,1,1,1,1,1,10.675456,147,630,10,10
12,Inet80211SHA3-1-20260810-15:02:28-742143,Inet80211SHA3,1,1,1,2,1,13.686468,147,630,10,10
13,Inet80211SHA3-1-20260810-15:02:28-742143,Inet80211SHA3,1,1,1,3,1,11.441744,147,630,10,10
14,Inet80211SHA3-1-20260810-15:02:28-742143,Inet80211SHA3,1,1,1,4,1,16.811289,147,630,10,10
15,Inet80211SHA3-1-20260810-15:02:28-742143,Inet80211SHA3,1,1,1,5,1,12.82143,147,630,10,10
16,Inet80211SHA3-1-20260810-15:02:28-742143,Inet80211SHA3,1,1,1,6,1,14.531083,147,630,10,10
17,Inet80211SHA3-1-20260810-15:02:28-742143,Inet80211SHA3,1,1,1,7,1,16.346288,147,630,10,10
18,Inet80211SHA3-1-20260810-15:02:28-742143,Inet80211SHA3,1,1,1,8,1,6.915335,147,630,10,10
19,Inet80211SHA3-1-20260810-15:02:28-742143,Inet80211SHA3,1,1,1,9,1,15.096285,147,630,10,10
20,Inet80211SHA3-10-20260810-15:02:29-742143,Inet80211SHA3,10,10,10,0,1,12.919327,147,630,10,10
21,Inet80211SHA3-10-20260810-15:02:29-742143,Inet80211SHA3,10,10,10,1,1,7.55485,147,630,10,10
22,Inet80211SHA3-10-20260810-15:02:29-742143,Inet80211SHA3,10,10,10,2,1,15.851389,147,630,10,10
23,Inet80211SHA3-10-20260810-15:02:29-742143,Inet80211SHA3,10,10,10,3,1,14.946164,147,630,10,10
24,Inet80211SHA3-10-20260810-15:02:29-742143,Inet80211SHA3,10,10,10,4,1,12.212878,147,630,10,10
25,Inet80211SHA3-10-20260810-15:02:29-742143,Inet80211SHA3,10,10,10,5,1,17.16338,147,630,10,10
26,Inet80211SHA3-10-20260810-15:02:29-742143,Inet80211SHA3,10,10,10,6,1,4.782738,147,630,10,10
27,Inet80211SHA3-10-20260810-15:02:29-742143,Inet80211SHA3,10,10,10,7,1,16.377118,147,630,10,10
28,Inet80211SHA3-10-20260810-15:02:29-742143,Inet80211SHA3,10,10,10,8,1,13.745987,147,630,10,10
29,Inet80211SHA3-10-20260810-15:02:29-742143,Inet80211SHA3,10,10,10,9,1,10.793139,147,630,10,10
30,Inet80211SHA3-11-20260810-15:02:30-742143,Inet80211SHA3,11,11,11,0,1,12.0183,147,630,9,9
31,Inet80211SHA3-11-20260810-15:02:30-742143,Inet80211SHA3,11,11,11,1,1,10.197841,147,630,9,9
32,Inet80211SHA3-11-20260810-15:02:30-742143,Inet80211SHA3,11,11,11,2,1,7.363594,147,630,9,9
33,Inet80211SHA3-11-20260810-15:02:30-742143,Inet80211SHA3,11,11,11,3,1,13.849527,147,630,9,9
34,Inet80211SHA3-11-20260810-15:02:30-742143,Inet80211SHA3,11,11,11,4,0,0.0,0,0,9,9
35,Inet80211SHA3-11-20260810-15:02:30-742143,Inet80211SHA3,11,11,11,5,1,12.944071,147,630,9,9
36,Inet80211SHA3-11-20260810-15:02:30-742143,Inet80211SHA3,11,11,11,6,1,14.395019,147,630,9,9
37,Inet80211SHA3-11-20260810-15:02:30-742143,Inet80211SHA3,11,11,11,7,1,11.065027,147,630,9,9
38,Inet80211SHA3-11-20260810-15:02:30-742143,Inet80211SHA3,11,11,11,8,1,11.551984,147,630,9,9
39,Inet80211SHA3-11-20260810-15:02:30-742143,Inet80211SHA3,11,11,11,9,1,8.957852,147,630,9,9
40,Inet80211SHA3-12-20260810-15:02:30-742143,Inet80211SHA3,12,12,12,0,1,9.170423,147,630,9,9
41,Inet80211SHA3-12-20260810-15:02:30-742143,Inet80211SHA3,12,12,12,1,1,9.770836,147,630,9,9
42,Inet80211SHA3-12-20260810-15:02:30-742143,Inet80211SHA3,12,12,12,2,1,11.790322,147,630,9,9
43,Inet80211SHA3-12-20260810-15:02:30-742143,Inet80211SHA3,12,12,12,3,1,10.29558,147,630,9,9
44,Inet80211SHA3-12-20260810-15:02:30-742143,Inet80211SHA3,12,12,12,4,1,11.364071,147,630,9,9
45,Inet80211SHA3-12-20260810-15:02:30-742143,Inet80211SHA3,12,12,12,5,1,13.201188,147,630,9,9
46,Inet80211SHA3-12-20260810-15:02:30-742143,Inet80211SHA3,12,12,12,6,0,0.0,0,0,9,9
47,Inet80211SHA3-12-20260810-15:02:30-742143,Inet80211SHA3,12,12,12,7,1,5.182128,147,630,9,9
48,Inet80211SHA3-12-20260810-15:02:30-742143,Inet80211SHA3,12,12,12,8,1,6.260287,147,630,9,9
49,Inet80211SHA3-12-20260810-15:02:30-742143,Inet80211SHA3,12,12,12,9,1,12.315449,147,630,9,9
50,Inet80211SHA3-13-20260810-15:02:30-742143,Inet80211SHA3,13,13,13,0,1,13.750936,147,630,10,10
51,Inet80211SHA3-13-20260810-15:02:30-742143,Inet80211SHA3,13,13,13,1,1,12.480939,147,630,10,10
52,Inet80211SHA3-13-20260810-15:02:30-742143,Inet80211SHA3,13,13,13,2,1,11.775988,147,630,10,10
53,Inet80211SHA3-13-20260810-15:02:30-742143,Inet80211SHA3,13,13,13,3,1,14.656369,147,630,10,10
54,Inet80211SHA3-13-20260810-15:02:30-742143,Inet80211SHA3,13,13,13,4,1,15.001386,147,630,10,10
55,Inet80211SHA3-13-20260810-15:02:30-742143,Inet80211SHA3,13,13,13,5,1,13.025593,147,630,10,10
56,Inet80211SHA3-13-20260810-15:02:30-742143,Inet80211SHA3,13,13,13,6,1,15.506222,147,630,10,10
57,Inet80211SHA3-13-20260810-15:02:30-742143,Inet80211SHA3,13,13,13,7,1,9.906367,147,630,10,10
58,Inet80211SHA3-13-20260810-15:02:30-742143,Inet80211SHA3,13,13,13,8,1,10.851052,147,630,10,10
59,Inet80211SHA3-13-20260810-15:02:30-742143,Inet80211SHA3,13,13,13,9,1,6.841739,147,630,10,10
60,Inet80211SHA3-14-20260810-15:02:30-742143,Inet80211SHA3,14,14,14,0,1,12.336795,147,630,10,10
61,Inet80211SHA3-14-20260810-15:02:30-742143,Inet80211SHA3,14,14,14,1,1,11.651308,147,630,10,10
62,Inet80211SHA3-14-20260810-15:02:30-742143,Inet80211SHA3,14,14,14,2,1,11.225093,147,630,10,10
63,Inet80211SHA3-14-20260810-15:02:30-742143,Inet80211SHA3,14,14,14,3,1,14.035685,147,630,10,10
64,Inet80211SHA3-14-20260810-15:02:30-742143,Inet80211SHA3,14,14,14,4,1,10.898645,147,630,10,10
65,Inet80211SHA3-14-20260810-15:02:30-742143,Inet80211SHA3,14,14,14,5,1,5.47363,147,630,10,10
66,Inet80211SHA3-14-20260810-15:02:30-742143,Inet80211SHA3,14,14,14,6,1,14.58135,147,630,10,10
67,Inet80211SHA3-14-20260810-15:02:30-742143,Inet80211SHA3,14,14,14,7,1,9.993042,147,630,10,10
68,Inet80211SHA3-14-20260810-15:02:30-742143,Inet80211SHA3,14,14,14,8,1,15.506699,147,630,10,10
69,Inet80211SHA3-14-20260810-15:02:30-742143,Inet80211SHA3,14,14,14,9,1,15.832007,147,630,10,10
70,Inet80211SHA3-15-20260810-15:02:30-742143,Inet80211SHA3,15,15,15,0,1,13.359787,147,630,10,10
71,Inet80211SHA3-15-20260810-15:02:30-742143,Inet80211SHA3,15,15,15,1,1,12.832858,147,630,10,10
72,Inet80211SHA3-15-20260810-15:02:30-742143,Inet80211SHA3,15,15,15,2,1,11.745118,147,630,10,10
73,Inet80211SHA3-15-20260810-15:02:30-742143,Inet80211SHA3,15,15,15,3,1,7.137879,147,630,10,10
74,Inet80211SHA3-15-20260810-15:02:30-742143,Inet80211SHA3,15,15,15,4,1,17.853188,147,630,10,10
75,Inet80211SHA3-15-20260810-15:02:30-742143,Inet80211SHA3,15,15,15,5,1,17.067101,147,630,10,10
76,Inet80211SHA3-15-20260810-15:02:30-742143,Inet80211SHA3,15,15,15,6,1,10.213018,147,630,10,10
77,Inet80211SHA3-15-20260810-15:02:30-742143,Inet80211SHA3,15,15,15,7,1,14.552408,147,630,10,10
78,Inet80211SHA3-15-20260810-15:02:30-742143,Inet80211SHA3,15,15,15,8,1,11.059123,147,630,10,10
79,Inet80211SHA3-15-20260810-15:02:30-742143,Inet80211SHA3,15,15,15,9,1,13.745963,147,630,10,10
80,Inet80211SHA3-16-20260810-15:02:30-742143,Inet80211SHA3,16,16,16,0,1,15.153533,147,630,10,10
81,Inet80211SHA3-16-20260810-15:02:30-742143,Inet80211SHA3,16,16,16,1,1,14.248069,147,630,10,10
82,Inet80211SHA3-16-20260810-15:02:30-742143,Inet80211SHA3,16,16,16,2,1,8.799833,147,630,10,10
83,Inet80211SHA3-16-20260810-15:02:30-742143,Inet80211SHA3,16,16,16,3,1,7.578546,147,630,10,10
84,Inet80211SHA3-16-20260810-15:02:30-742143,Inet80211SHA3,16,16,16,4,1,16.04424,147,630,10,10
85,Inet80211SHA3-16-20260810-15:02:30-742143,Inet80211SHA3,16,16,16,5,1,15.579103,147,630,10,10
86,Inet80211SHA3-16-20260810-15:02:30-742143,Inet80211SHA3,16,16,16,6,1,5.776241,147,630,10,10
87,Inet80211SHA3-16-20260810-15:02:30-742143,Inet80211SHA3,16,16,16,7,1,13.862801,147,630,10,10
88,Inet80211SHA3-16-20260810-15:02:30-742143,Inet80211SHA3,16,16,16,8,1,10.059908,147,630,10,10
89,Inet80211SHA3-16-20260810-15:02:30-742143,Inet80211SHA3,16,16,16,9,1,11.831613,147,630,10,10
90,Inet80211SHA3-17-20260810-15:02:30-742143,Inet80211SHA3,17,17,17,0,1,3.912367,147,630,10,10
91,Inet80211SHA3-17-20260810-15:02:30-742143,Inet80211SHA3,17,17,17,1,1,12.337236,147,630,10,10
92,Inet80211SHA3-17-20260810-15:02:30-742143,Inet80211SHA3,17,17,17,2,1,14.494232,147,630,10,10
93,Inet80211SHA3-17-20260810-15:02:30-742143,Inet80211SHA3,17,17,17,3,1,11.064723,147,630,10,10
94,Inet80211SHA3-17-20260810-15:02:30-742143,Inet80211SHA3,17,17,17,4,1,9.167367,147,630,10,10
95,Inet80211SHA3-17-20260810-15:02:30-742143,Inet80211SHA3,17,17,17,5,1,10.719151,147,630,10,10
96,Inet80211SHA3-17-20260810-15:02:30-742143,Inet80211SHA3,17,17,17,6,1,13.748658,147,630,10,10
97,Inet80211SHA3-17-20260810-15:02:30-742143,Inet80211SHA3,17,17,17,7,1,12.943003,147,630,10,10
98,Inet80211SHA3-17-20260810-15:02:30-742143,Inet80211SHA3,17,17,17,8,1,14.959273,147,630,10,10
99,Inet80211SHA3-17-20260810-15:02:30-742143,Inet80211SHA3,17,17,17,9,1,11.431027,147,630,10,10
100,Inet80211SHA3-18-20260810-15:02:31-742143,Inet80211SHA3,18,18,18,0,1,14.368652,147,630,10,10
101,Inet80211SHA3-18-20260810-15:02:31-742143,Inet80211SHA3,18,18,18,1,1,15.213608,147,630,10,10
102,Inet80211SHA3-18-20260810-15:02:31-742143,Inet80211SHA3,18,18,18,2,1,12.715753,147,630,10,10
103,Inet80211SHA3-18-20260810-15:02:31-742143,Inet80211SHA3,18,18,18,3,1,12.310056,147,630,10,10
104,Inet80211SHA3-18-20260810-15:02:31-742143,Inet80211SHA3,18,18,18,4,1,11.945459,147,630,10,10
105,Inet80211SHA3-18-20260810-15:02:31-742143,Inet80211SHA3,18,18,18,5,1,8.325119,147,630,10,10
106,Inet80211SHA3-18-20260810-15:02:31-742143,Inet80211SHA3,18,18,18,6,1,6.785221,147,630,10,10
107,Inet80211SHA3-18-20260810-15:02:31-742143,Inet80211SHA3,18,18,18,7,1,11.400105,147,630,10,10
108,Inet80211SHA3-18-20260810-15:02:31-742143,Inet80211SHA3,18,18,18,8,1,13.522604,147,630,10,10
109,Inet80211SHA3-18-20260810-15:02:31-742143,Inet80211SHA3,18,18,18,9,1,10.000058,147,630,10,10
110,Inet80211SHA3-19-20260810-15:02:31-742143,Inet80211SHA3,19,19,19,0,1,14.104511,147,630,10,10
111,Inet80211SHA3-19-20260810-15:02:31-742143,Inet80211SHA3,19,19,19,1,1,7.7608,147,630,10,10
112,Inet80211SHA3-19-20260810-15:02:31-742143,Inet80211SHA3,19,19,19,2,1,12.511586,147,630,10,10
113,Inet80211SHA3-19-20260810-15:02:31-742143,Inet80211SHA3,19,19,19,3,1,10.247003,147,630,10,10
114,Inet80211SHA3-19-20260810-15:02:31-742143,Inet80211SHA3,19,19,19,4,1,9.280271,147,630,10,10
115,Inet80211SHA3-19-20260810-15:02:31-742143,Inet80211SHA3,19,19,19,5,1,6.646506,147,630,10,10
116,Inet80211SHA3-19-20260810-15:02:31-742143,Inet80211SHA3,19,19,19,6,1,15.157135,147,630,10,10
117,Inet80211SHA3-19-20260810-15:02:31-742143,Inet80211SHA3,19,19,19,7,1,13.277547,147,630,10,10
118,Inet80211SHA3-19-20260810-15:02:31-742143,Inet80211SHA3,19,19,19,8,1,14.550736,147,630,10,10
119,Inet80211SHA3-19-20260810-15:02:31-742143,Inet80211SHA3,19,19,19,9,1,10.752054,147,630,10,10
120,Inet80211SHA3-2-20260810-15:02:28-742143,Inet80211SHA3,2,2,2,0,1,10.128228,147,630,10,10
121,Inet80211SHA3-2-20260810-15:02:28-742143,Inet80211SHA3,2,2,2,1,1,5.836239,147,630,10,10
122,Inet80211SHA3-2-20260810-15:02:28-742143,Inet80211SHA3,2,2,2,2,1,12.229261,147,630,10,10
123,Inet80211SHA3-2-20260810-15:02:28-742143,Inet80211SHA3,2,2,2,3,1,9.402353,147,630,10,10
124,Inet80211SHA3-2-20260810-15:02:28-742143,Inet80211SHA3,2,2,2,4,1,12.893808,147,630,10,10
125,Inet80211SHA3-2-20260810-15:02:28-742143,Inet80211SHA3,2,2,2,5,1,13.79874,147,630,10,10
126,Inet80211SHA3-2-20260810-15:02:28-742143,Inet80211SHA3,2,2,2,6,1,10.91894,147,630,10,10
127,Inet80211SHA3-2-20260810-15:02:28-742143,Inet80211SHA3,2,2,2,7,1,14.163906,147,630,10,10
128,Inet80211SHA3-2-20260810-15:02:28-742143,Inet80211SHA3,2,2,2,8,1,10.573987,147,630,10,10
129,Inet80211SHA3-2-20260810-15:02:28-742143,Inet80211SHA3,2,2,2,9,1,11.284098,147,630,10,10
130,Inet80211SHA3-20-20260810-15:02:31-742143,Inet80211SHA3,20,20,20,0,1,11.706769,147,630,10,10
131,Inet80211SHA3-20-20260810-15:02:31-742143,Inet80211SHA3,20,20,20,1,1,10.941634,147,630,10,10
132,Inet80211SHA3-20-20260810-15:02:31-742143,Inet80211SHA3,20,20,20,2,1,2.107,147,630,10,10
133,Inet80211SHA3-20-20260810-15:02:31-742143,Inet80211SHA3,20,20,20,3,1,13.045313,147,630,10,10
134,Inet80211SHA3-20-20260810-15:02:31-742143,Inet80211SHA3,20,20,20,4,1,15.833888,147,630,10,10
135,Inet80211SHA3-20-20260810-15:02:31-742143,Inet80211SHA3,20,20,20,5,1,15.069225,147,630,10,10
136,Inet80211SHA3-20-20260810-15:02:31-742143,Inet80211SHA3,20,20,20,6,1,14.663771,147,630,10,10
137,Inet80211SHA3-20-20260810-15:02:31-742143,Inet80211SHA3,20,20,20,7,1,6.89349,147,630,10,10
138,Inet80211SHA3-20-20260810-15:02:31-742143,Inet80211SHA3,20,20,20,8,1,9.429808,147,630,10,10
139,Inet80211SHA3-20-20260810-15:02:31-742143,Inet80211SHA3,20,20,20,9,1,10.29648,147,630,10,10
140,Inet80211SHA3-21-20260810-15:02:31-742143,Inet80211SHA3,21,21,21,0,1,11.901085,147,630,10,10
141,Inet80211SHA3-21-20260810-15:02:31-742143,Inet80211SHA3,21,21,21,1,1,10.330148,147,630,10,10
142,Inet80211SHA3-21-20260810-15:02:31-742143,Inet80211SHA3,21,21,21,2,1,12.745732,147,630,10,10
143,Inet80211SHA3-21-20260810-15:02:31-742143,Inet80211SHA3,21,21,21,3,1,14.035729,147,630,10,10
144,Inet80211SHA3-21-20260810-15:02:31-742143,Inet80211SHA3,21,21,21,4,1,13.130667,147,630,10,10
145,Inet80211SHA3-21-20260810-15:02:31-742143,Inet80211SHA3,21,21,21,5,1,9.764158,147,630,10,10
146,Inet80211SHA3-21-20260810-15:02:31-742143,Inet80211SHA3,21,21,21,6,1,15.352524,147,630,10,10
147,Inet80211SHA3-21-20260810-15:02:31-742143,Inet80211SHA3,21,21,21,7,1,11.196146,147,630,10,10
148,Inet80211SHA3-21-20260810-15:02:31-742143,Inet80211SHA3,21,21,21,8,1,14.826052,147,630,10,10
149,Inet80211SHA3-21-20260810-15:02:31-742143,Inet80211SHA3,21,21,21,9,1,14.420435,147,630,10,10
150,Inet80211SHA3-22-20260810-15:02:31-742143,Inet80211SHA3,22,22,22,0,1,10.462593,147,630,10,10
151,Inet80211SHA3-22-20260810-15:02:31-742143,Inet80211SHA3,22,22,22,1,1,9.777694,147,630,10,10
152,Inet80211SHA3-22-20260810-15:02:31-742143,Inet80211SHA3,22,22,22,2,1,13.678768,147,630,10,10
153,Inet80211SHA3-22-20260810-15:02:31-742143,Inet80211SHA3,22,22,22,3,1,1.142729,147,630,10,10
154,Inet80211SHA3-22-20260810-15:02:31-742143,Inet80211SHA3,22,22,22,4,1,15.330519,147,630,10,10
155,Inet80211SHA3-22-20260810-15:02:31-742143,Inet80211SHA3,22,22,22,5,1,8.710847,147,630,10,10
156,Inet80211SHA3-22-20260810-15:02:31-742143,Inet80211SHA3,22,22,22,6,1,15.756044,147,630,10,10
157,Inet80211SHA3-22-20260810-15:02:31-742143,Inet80211SHA3,22,22,22,7,1,6.230825,147,630,10,10
158,Inet80211SHA3-22-20260810-15:02:31-742143,Inet80211SHA3,22,22,22,8,1,14.625078,147,630,10,10
159,Inet80211SHA3-22-20260810-15:02:31-742143,Inet80211SHA3,22,22,22,9,1,12.911113,147,630,10,10
160,Inet80211SHA3-23-20260810-15:02:31-742143,Inet80211SHA3,23,23,23,0,1,10.034543,147,630,10,10
161,Inet80211SHA3-23-20260810-15:02:31-742143,Inet80211SHA3,23,23,23,1,1,4.747659,147,630,10,10
162,Inet80211SHA3-23-20260810-15:02:31-742143,Inet80211SHA3,23,23,23,2,1,11.612798,147,630,10,10
163,Inet80211SHA3-23-20260810-15:02:31-742143,Inet80211SHA3,23,23,23,3,1,14.888914,147,630,10,10
164,Inet80211SHA3-23-20260810-15:02:31-742143,Inet80211SHA3,23,23,23,4,1,15.514164,147,630,10,10
165,Inet80211SHA3-23-20260810-15:02:31-742143,Inet80211SHA3,23,23,23,5,1,12.038167,147,630,10,10
166,Inet80211SHA3-23-20260810-15:02:31-742143,Inet80211SHA3,23,23,23,6,1,7.835882,147,630,10,10
167,Inet80211SHA3-23-20260810-15:02:31-742143,Inet80211SHA3,23,23,23,7,1,13.984043,147,630,10,10
168,Inet80211SHA3-23-20260810-15:02:31-742143,Inet80211SHA3,23,23,23,8,1,16.419153,147,630,10,10
169,Inet80211SHA3-23-20260810-15:02:31-742143,Inet80211SHA3,23,23,23,9,1,8.695135,147,630,10,10
170,Inet80211SHA3-24-20260810-15:02:31-742143,Inet80211SHA3,24,24,24,0,1,14.638182,147,630,10,10
171,Inet80211SHA3-24-20260810-15:02:31-742143,Inet80211SHA3,24,24,24,1,1,11.068665,147,630,10,10
172,Inet80211SHA3-24-20260810-15:02:31-742143,Inet80211SHA3,24,24,24,2,1,15.524315,147,630,10,10
173,Inet80211SHA3-24-20260810-15:02:31-742143,Inet80211SHA3,24,24,24,3,1,14.1725,147,630,10,10
174,Inet80211SHA3-24-20260810-15:02:31-742143,Inet80211SHA3,24,24,24,4,1,12.520467,147,630,10,10
175,Inet80211SHA3-24-20260810-15:02:31-742143,Inet80211SHA3,24,24,24,5,1,15.970114,147,630,10,10
176,Inet80211SHA3-24-20260810-15:02:31-742143,Inet80211SHA3,24,24,24,6,1,10.703347,147,630,10,10
177,Inet80211SHA3-24-20260810-15:02:31-742143,Inet80211SHA3,24,24,24,7,1,11.954254,147,630,10,10
178,Inet80211SHA3-24-20260810-15:02:31-742143,Inet80211SHA3,24,24,24,8,1,13.246272,147,630,10,10
179,Inet80211SHA3-24-20260810-15:02:31-742143,Inet80211SHA3,24,24,24,9,1,8.192842,147,630,10,10
180,Inet80211SHA3-25-20260810-15:02:31-742143,Inet80211SHA3,25,25,25,0,1,14.765784,147,630,10,10
181,Inet80211SHA3-25-20260810-15:02:31-742143,Inet80211SHA3,25,25,25,1,1,16.217796,147,630,10,10
182,Inet80211SHA3-25-20260810-15:02:31-742143,Inet80211SHA3,25,25,25,2,1,4.819611,147,630,10,10
183,Inet80211SHA3-25-20260810-15:02:31-742143,Inet80211SHA3,25,25,25,3,1,15.69145,147,630,10,10
184,Inet80211SHA3-25-20260810-15:02:31-742143,Inet80211SHA3,25,25,25,4,1,12.648368,147,630,10,10
185,Inet80211SHA3-25-20260810-15:02:31-742143,Inet80211SHA3,25,25,25,5,1,12.022545,147,630,10,10
186,Inet80211SHA3-25-20260810-15:02:31-742143,Inet80211SHA3,25,25,25,6,1,9.480073,147,630,10,10
187,Inet80211SHA3-25-20260810-15:02:31-742143,Inet80211SHA3,25,25,25,7,1,13.4946,147,630,10,10
188,Inet80211SHA3-25-20260810-15:02:31-742143,Inet80211SHA3,25,25,25,8,1,11.277268,147,630,10,10
189,Inet80211SHA3-25-20260810-15:02:31-742143,Inet80211SHA3,25,25,25,9,1,14.220267,147,630,10,10
190,Inet80211SHA3-26-20260810-15:02:32-742143,Inet80211SHA3,26,26,26,0,1,11.684273,147,630,10,10
191,Inet80211SHA3-26-20260810-15:02:32-742143,Inet80211SHA3,26,26,26,1,1,5.740671,147,630,10,10
192,Inet80211SHA3-26-20260810-15:02:32-742143,Inet80211SHA3,26,26,26,2,1,14.253652,147,630,10,10
193,Inet80211SHA3-26-20260810-15:02:32-742143,Inet80211SHA3,26,26,26,3,1,10.293496,147,630,10,10
194,Inet80211SHA3-26-20260810-15:02:32-742143,Inet80211SHA3,26,26,26,4,1,13.487906,147,630,10,10
195,Inet80211SHA3-26-20260810-15:02:32-742143,Inet80211SHA3,26,26,26,5,1,9.132731,147,630,10,10
196,Inet80211SHA3-26-20260810-15:02:32-742143,Inet80211SHA3,26,26,26,6,1,14.999155,147,630,10,10
197,Inet80211SHA3-26-20260810-15:02:32-742143,Inet80211SHA3,26,26,26,7,1,12.762427,147,630,10,10
198,Inet80211SHA3-26-20260810-15:02:32-742143,Inet80211SHA3,26,26,26,8,1,11.179216,147,630,10,10
199,Inet80211SHA3-26-20260810-15:02:32-742143,Inet80211SHA3,26,26,26,9,1,8.728395,147,630,10,10
200,Inet80211SHA3-27-20260810-15:02:32-742143,Inet80211SHA3,27,27,27,0,1,14.190107,147,630,10,10
201,Inet80211SHA3-27-20260810-15:02:32-742143,Inet80211SHA3,27,27,27,1,1,5.917884,147,630,10,10
202,Inet80211SHA3-27-20260810-15:02:32-742143,Inet80211SHA3,27,27,27,2,1,10.162713,147,630,10,10
203,Inet80211SHA3-27-20260810-15:02:32-742143,Inet80211SHA3,27,27,27,3,1,8.29079,147,630,10,10
204,Inet80211SHA3-27-20260810-15:02:32-742143,Inet80211SHA3,27,27,27,4,1,12.394109,147,630,10,10
205,Inet80211SHA3-27-20260810-15:02:32-742143,Inet80211SHA3,27,27,27,5,1,10.962258,147,630,10,10
206,Inet80211SHA3-27-20260810-15:02:32-742143,Inet80211SHA3,27,27,27,6,1,13.364807,147,630,10,10
207,Inet80211SHA3-27-20260810-15:02:32-742143,Inet80211SHA3,27,27,27,7,1,12.999796,147,630,10,10
208,Inet80211SHA3-27-20260810-15:02:32-742143,Inet80211SHA3,27,27,27,8,1,11.307703,147,630,10,10
209,Inet80211SHA3-27-20260810-15:02:32-742143,Inet80211SHA3,27,27,27,9,1,4.818505,147,630,10,10
210,Inet80211SHA3-28-20260810-15:02:32-742143,Inet80211SHA3,28,28,28,0,1,17.794996,147,630,10,10
211,Inet80211SHA3-28-20260810-15:02:32-742143,Inet80211SHA3,28,28,28,1,1,13.023049,147,630,10,10
212,Inet80211SHA3-28-20260810-15:02:32-742143,Inet80211SHA3,28,28,28,2,1,15.258078,147,630,10,10
213,Inet80211SHA3-28-20260810-15:02:32-742143,Inet80211SHA3,28,28,28,3,1,13.76835,147,630,10,10
214,Inet80211SHA3-28-20260810-15:02:32-742143,Inet80211SHA3,28,28,28,4,1,14.652979,147,630,10,10
215,Inet80211SHA3-28-20260810-15:02:32-742143,Inet80211SHA3,28,28,28,5,1,18.140401,147,630,10,10
216,Inet80211SHA3-28-20260810-15:02:32-742143,Inet80211SHA3,28,28,28,6,1,9.944245,147,630,10,10
217,Inet80211SHA3-28-20260810-15:02:32-742143,Inet80211SHA3,28,28,28,7,1,11.562936,147,630,10,10
218,Inet80211SHA3-28-20260810-15:02:32-742143,Inet80211SHA3,28,28,28,8,1,16.949994,147,630,10,10
219,Inet80211SHA3-28-20260810-15:02:32-742143,Inet80211SHA3,28,28,28,9,1,16.104035,147,630,10,10
220,Inet80211SHA3-29-20260810-15:02:32-742143,Inet80211SHA3,29,29,29,0,1,15.020619,147,630,10,10
221,Inet80211SHA3-29-20260810-15:02:32-742143,Inet80211SHA3,29,29,29,1,1,11.651811,147,630,10,10
222,Inet80211SHA3-29-20260810-15:02:32-742143,Inet80211SHA3,29,29,29,2,1,7.739263,147,630,10,10
223,Inet80211SHA3-29-20260810-15:02:32-742143,Inet80211SHA3,29,29,29,3,1,14.414501,147,630,10,10
224,Inet80211SHA3-29-20260810-15:02:32-742143,Inet80211SHA3,29,29,29,4,1,9.731987,147,630,10,10
225,Inet80211SHA3-29-20260810-15:02:32-742143,Inet80211SHA3,29,29,29,5,1,12.518082,147,630,10,10
226,Inet80211SHA3-29-20260810-15:02:32-742143,Inet80211SHA3,29,29,29,6,1,10.771876,147,630,10,10
227,Inet80211SHA3-29-20260810-15:02:32-742143,Inet80211SHA3,29,29,29,7,1,13.382573,147,630,10,10
228,Inet80211SHA3-29-20260810-15:02:32-742143,Inet80211SHA3,29,29,29,8,1,7.394612,147,630,10,10
229,Inet80211SHA3-29-20260810-15:02:32-742143,Inet80211SHA3,29,29,29,9,1,13.768188,147,630,10,10
230,Inet80211SHA3-3-20260810-15:02:29-742143,Inet80211SHA3,3,3,3,0,1,11.638516,147,630,10,10
231,Inet80211SHA3-3-20260810-15:02:29-742143,Inet80211SHA3,3,3,3,1,1,15.218187,147,630,10,10
232,Inet80211SHA3-3-20260810-15:02:29-742143,Inet80211SHA3,3,3,3,2,1,13.262281,147,630,10,10
233,Inet80211SHA3-3-20260810-15:02:29-742143,Inet80211SHA3,3,3,3,3,1,8.906639,147,630,10,10
234,Inet80211SHA3-3-20260810-15:02:29-742143,Inet80211SHA3,3,3,3,4,1,12.637057,147,630,10,10
235,Inet80211SHA3-3-20260810-15:02:29-742143,Inet80211SHA3,3,3,3,5,1,10.53928,147,630,10,10
236,Inet80211SHA3-3-20260810-15:02:29-742143,Inet80211SHA3,3,3,3,6,1,14.067531,147,630,10,10
237,Inet80211SHA3-3-20260810-15:02:29-742143,Inet80211SHA3,3,3,3,7,1,4.72646,147,630,10,10
238,Inet80211SHA3-3-20260810-15:02:29-742143,Inet80211SHA3,3,3,3,8,1,14.67295,147,630,10,10
239,Inet80211SHA3-3-20260810-15:02:29-742143,Inet80211SHA3,3,3,3,9,1,9.61354,147,630,10,10
240,Inet80211SHA3-4-20260810-15:02:29-742143,Inet80211SHA3,4,4,4,0,1,13.956062,147,630,10,10
241,Inet80211SHA3-4-20260810-15:02:29-742143,Inet80211SHA3,4,4,4,1,1,3.245981,147,630,10,10
242,Inet80211SHA3-4-20260810-15:02:29-742143,Inet80211SHA3,4,4,4,2,1,13.190341,147,630,10,10
243,Inet80211SHA3-4-20260810-15:02:29-742143,Inet80211SHA3,4,4,4,3,1,11.304338,147,630,10,10
244,Inet80211SHA3-4-20260810-15:02:29-742143,Inet80211SHA3,4,4,4,4,1,10.938092,147,630,10,10
245,Inet80211SHA3-4-20260810-15:02:29-742143,Inet80211SHA3,4,4,4,5,1,9.868811,147,630,10,10
246,Inet80211SHA3-4-20260810-15:02:29-742143,Inet80211SHA3,4,4,4,6,1,14.402988,147,630,10,10
247,Inet80211SHA3-4-20260810-15:02:29-742143,Inet80211SHA3,4,4,4,7,1,12.444457,147,630,10,10
248,Inet80211SHA3-4-20260810-15:02:29-742143,Inet80211SHA3,4,4,4,8,1,9.24744,147,630,10,10
249,Inet80211SHA3-4-20260810-15:02:29-742143,Inet80211SHA3,4,4,4,9,1,14.989867,147,630,10,10
250,Inet80211SHA3-5-20260810-15:02:29-742143,Inet80211SHA3,5,5,5,0,1,15.514991,147,630,10,10
251,Inet80211SHA3-5-20260810-15:02:29-742143,Inet80211SHA3,5,5,5,1,1,14.263651,147,630,10,10
252,Inet80211SHA3-5-20260810-15:02:29-742143,Inet80211SHA3,5,5,5,2,1,10.545959,147,630,10,10
253,Inet80211SHA3-5-20260810-15:02:29-742143,Inet80211SHA3,5,5,5,3,1,12.611874,147,630,10,10
254,Inet80211SHA3-5-20260810-15:02:29-742143,Inet80211SHA3,5,5,5,4,1,11.352451,147,630,10,10
255,Inet80211SHA3-5-20260810-15:02:29-742143,Inet80211SHA3,5,5,5,5,1,16.081544,147,630,10,10
256,Inet80211SHA3-5-20260810-15:02:29-742143,Inet80211SHA3,5,5,5,6,1,15.088754,147,630,10,10
257,Inet80211SHA3-5-20260810-15:02:29-742143,Inet80211SHA3,5,5,5,7,1,10.199186,147,630,10,10
258,Inet80211SHA3-5-20260810-15:02:29-742143,Inet80211SHA3,5,5,5,8,1,13.378408,147,630,10,10
259,Inet80211SHA3-5-20260810-15:02:29-742143,Inet80211SHA3,5,5,5,9,1,5.660063,147,630,10,10
260,Inet80211SHA3-6-20260810-15:02:29-742143,Inet80211SHA3,6,6,6,0,1,13.411257,147,630,10,10
261,Inet80211SHA3-6-20260810-15:02:29-742143,Inet80211SHA3,6,6,6,1,1,8.967143,147,630,10,10
262,Inet80211SHA3-6-20260810-15:02:29-742143,Inet80211SHA3,6,6,6,2,1,9.936568,147,630,10,10
263,Inet80211SHA3-6-20260810-15:02:29-742143,Inet80211SHA3,6,6,6,3,1,7.464582,147,630,10,10
264,Inet80211SHA3-6-20260810-15:02:29-742143,Inet80211SHA3,6,6,6,4,1,10.718084,147,630,10,10
265,Inet80211SHA3-6-20260810-15:02:29-742143,Inet80211SHA3,6,6,6,5,1,15.468158,147,630,10,10
266,Inet80211SHA3-6-20260810-15:02:29-742143,Inet80211SHA3,6,6,6,6,1,2.741385,147,630,10,10
267,Inet80211SHA3-6-20260810-15:02:29-742143,Inet80211SHA3,6,6,6,7,1,12.011132,147,630,10,10
268,Inet80211SHA3-6-20260810-15:02:29-742143,Inet80211SHA3,6,6,6,8,1,14.057139,147,630,10,10
269,Inet80211SHA3-6-20260810-15:02:29-742143,Inet80211SHA3,6,6,6,9,1,14.742519,147,630,10,10
270,Inet80211SHA3-7-20260810-15:02:29-742143,Inet80211SHA3,7,7,7,0,1,14.15555,147,630,10,10
271,Inet80211SHA3-7-20260810-15:02:29-742143,Inet80211SHA3,7,7,7,1,1,10.203584,147,630,10,10
272,Inet80211SHA3-7-20260810-15:02:29-742143,Inet80211SHA3,7,7,7,2,1,12.016863,147,630,10,10
273,Inet80211SHA3-7-20260810-15:02:29-742143,Inet80211SHA3,7,7,7,3,1,12.663737,147,630,10,10
274,Inet80211SHA3-7-20260810-15:02:29-742143,Inet80211SHA3,7,7,7,4,1,5.063491,147,630,10,10
275,Inet80211SHA3-7-20260810-15:02:29-742143,Inet80211SHA3,7,7,7,5,1,14.581641,147,630,10,10
276,Inet80211SHA3-7-20260810-15:02:29-742143,Inet80211SHA3,7,7,7,6,1,7.192411,147,630,10,10
277,Inet80211SHA3-7-20260810-15:02:29-742143,Inet80211SHA3,7,7,7,7,1,13.269824,147,630,10,10
278,Inet80211SHA3-7-20260810-15:02:29-742143,Inet80211SHA3,7,7,7,8,1,15.06729,147,630,10,10
279,Inet80211SHA3-7-20260810-15:02:29-742143,Inet80211SHA3,7,7,7,9,1,11.230311,147,630,10,10
280,Inet80211SHA3-8-20260810-15:02:29-742143,Inet80211SHA3,8,8,8,0,1,11.266237,147,630,10,10
281,Inet80211SHA3-8-20260810-15:02:29-742143,Inet80211SHA3,8,8,8,1,1,9.895103,147,630,10,10
282,Inet80211SHA3-8-20260810-15:02:29-742143,Inet80211SHA3,8,8,8,2,1,4.215735,147,630,10,10
283,Inet80211SHA3-8-20260810-15:02:29-742143,Inet80211SHA3,8,8,8,3,1,6.608444,147,630,10,10
284,Inet80211SHA3-8-20260810-15:02:29-742143,Inet80211SHA3,8,8,8,4,1,12.18624,147,630,10,10
285,Inet80211SHA3-8-20260810-15:02:29-742143,Inet80211SHA3,8,8,8,5,1,14.900753,147,630,10,10
286,Inet80211SHA3-8-20260810-15:02:29-742143,Inet80211SHA3,8,8,8,6,1,13.693927,147,630,10,10
287,Inet80211SHA3-8-20260810-15:02:29-742143,Inet80211SHA3,8,8,8,7,1,10.760725,147,630,10,10
288,Inet80211SHA3-8-20260810-15:02:29-742143,Inet80211SHA3,8,8,8,8,1,12.953261,147,630,10,10
289,Inet80211SHA3-8-20260810-15:02:29-742143,Inet80211SHA3,8,8,8,9,1,9.150071,147,630,10,10
290,Inet80211SHA3-9-20260810-15:02:29-742143,Inet80211SHA3,9,9,9,0,1,8.684061,147,630,10,10
291,Inet80211SHA3-9-20260810-15:02:29-742143,Inet80211SHA3,9,9,9,1,1,12.623467,147,630,10,10
292,Inet80211SHA3-9-20260810-15:02:29-742143,Inet80211SHA3,9,9,9,2,1,15.298288,147,630,10,10
293,Inet80211SHA3-9-20260810-15:02:29-742143,Inet80211SHA3,9,9,9,3,1,10.546999,147,630,10,10
294,Inet80211SHA3-9-20260810-15:02:29-742143,Inet80211SHA3,9,9,9,4,1,11.312185,147,630,10,10
295,Inet80211SHA3-9-20260810-15:02:29-742143,Inet80211SHA3,9,9,9,5,1,11.797689,147,630,10,10
296,Inet80211SHA3-9-20260810-15:02:29-742143,Inet80211SHA3,9,9,9,6,1,13.448959,147,630,10,10
297,Inet80211SHA3-9-20260810-15:02:29-742143,Inet80211SHA3,9,9,9,7,1,9.702383,147,630,10,10
298,Inet80211SHA3-9-20260810-15:02:29-742143,Inet80211SHA3,9,9,9,8,1,15.843154,147,630,10,10
299,Inet80211SHA3-9-20260810-15:02:29-742143,Inet80211SHA3,9,9,9,9,1,14.373762,147,630,10,10
300,Inet80211SPONGENT-0-20260810-15:02:46-742268,Inet80211SPONGENT,0,0,0,0,1,6.772587,147,634,10,10
301,Inet80211SPONGENT-0-20260810-15:02:46-742268,Inet80211SPONGENT,0,0,0,1,1,12.380672,147,634,10,10
302,Inet80211SPONGENT-0-20260810-15:02:46-742268,Inet80211SPONGENT,0,0,0,2,1,9.952981,147,634,10,10
303,Inet80211SPONGENT-0-20260810-15:02:46-742268,Inet80211SPONGENT,0,0,0,3,1,12.889229,147,634,10,10
304,Inet80211SPONGENT-0-20260810-15:02:46-742268,Inet80211SPONGENT,0,0,0,4,1,14.067459,147,634,10,10
305,Inet80211SPONGENT-0-20260810-15:02:46-742268,Inet80211SPONGENT,0,0,0,5,1,14.836161,147,634,10,10
306,Inet80211SPONGENT-0-20260810-15:02:46-742268,Inet80211SPONGENT,0,0,0,6,1,4.003277,147,634,10,10
307,Inet80211SPONGENT-0-20260810-15:02:46-742268,Inet80211SPONGENT,0,0,0,7,1,13.73831,147,634,10,10
308,Inet80211SPONGENT-0-20260810-15:02:46-742268,Inet80211SPONGENT,0,0,0,8,1,11.712015,147,634,10,10
309,Inet80211SPONGENT-0-20260810-15:02:46-742268,Inet80211SPONGENT,0,0,0,9,1,11.163169,147,634,10,10
310,Inet80211SPONGENT-1-20260810-15:02:46-742268,Inet80211SPONGENT,1,1,1,0,1,15.593645,147,634,10,10
311,Inet80211SPONGENT-1-20260810-15:02:46-742268,Inet80211SPONGENT,1,1,1,1,1,10.683456,147,634,10,10
312,Inet80211SPONGENT-1-20260810-15:02:46-742268,Inet80211SPONGENT,1,1,1,2,1,13.706468,147,634,10,10
313,Inet80211SPONGENT-1-20260810-15:02:46-742268,Inet80211SPONGENT,1,1,1,3,1,11.453744,147,634,10,10
314,Inet80211SPONGENT-1-20260810-15:02:46-742268,Inet80211SPONGENT,1,1,1,4,1,16.851289,147,634,10,10
315,Inet80211SPONGENT-1-20260810-15:02:46-742268,Inet80211SPONGENT,1,1,1,5,1,12.83743,147,634,10,10
316,Inet80211SPONGENT-1-20260810-15:02:46-742268,Inet80211SPONGENT,1,1,1,6,1,14.555083,147,634,10,10
317,Inet80211SPONGENT-1-20260810-15:02:46-742268,Inet80211SPONGENT,1,1,1,7,1,16.382288,147,634,10,10
318,Inet80211SPONGENT-1-20260810-15:02:46-742268,Inet80211SPONGENT,1,1,1,8,1,6.919335,147,634,10,10
319,Inet80211SPONGENT-1-20260810-15:02:46-742268,Inet80211SPONGENT,1,1,1,9,1,15.124285,147,634,10,10
320,Inet80211SPONGENT-10-20260810-15:02:48-742268,Inet80211SPONGENT,10,10,10,0,1,12.939327,147,634,10,10
321,Inet80211SPONGENT-10-20260810-15:02:48-742268,Inet80211SPONGENT,10,10,10,1,1,7.56285,147,634,10,10
322,Inet80211SPONGENT-10-20260810-15:02:48-742268,Inet80211SPONGENT,10,10,10,2,1,15.883389,147,634,10,10
323,Inet80211SPONGENT-10-20260810-15:02:48-742268,Inet80211SPONGENT,10,10,10,3,1,14.974164,147,634,10,10
324,Inet80211SPONGENT-10-20260810-15:02:48-742268,Inet80211SPONGENT,10,10,10,4,1,12.228878,147,634,10,10
325,Inet80211SPONGENT-10-20260810-15:02:48-742268,Inet80211SPONGENT,10,10,10,5,1,17.20338,147,634,10,10
326,Inet80211SPONGENT-10-20260810-15:02:48-742268,Inet80211SPONGENT,10,10,10,6,1,4.786738,147,634,10,10
327,Inet80211SPONGENT-10-20260810-15:02:48-742268,Inet80211SPONGENT,10,10,10,7,1,16.413118,147,634,10,10
328,Inet80211SPONGENT-10-20260810-15:02:48-742268,Inet80211SPONGENT,10,10,10,8,1,13.769987,147,634,10,10
329,Inet80211SPONGENT-10-20260810-15:02:48-742268,Inet80211SPONGENT,10,10,10,9,1,10.805139,147,634,10,10
330,Inet80211SPONGENT-11-20260810-15:02:48-742268,Inet80211SPONGENT,11,11,11,0,1,12.0423,147,634,9,9
331,Inet80211SPONGENT-11-20260810-15:02:48-742268,Inet80211SPONGENT,11,11,11,1,1,10.209841,147,634,9,9
332,Inet80211SPONGENT-11-20260810-15:02:48-742268,Inet80211SPONGENT,11,11,11,2,1,7.367594,147,634,9,9
333,Inet80211SPONGENT-11-20260810-15:02:48-742268,Inet80211SPONGENT,11,11,11,3,1,13.881527,147,634,9,9
334,Inet80211SPONGENT-11-20260810-15:02:48-742268,Inet80211SPONGENT,11,11,11,4,0,0.0,0,0,9,9
335,Inet80211SPONGENT-11-20260810-15:02:48-742268,Inet80211SPONGENT,11,11,11,5,1,12.972071,147,634,9,9
336,Inet80211SPONGENT-11-20260810-15:02:48-742268,Inet80211SPONGENT,11,11,11,6,1,14.431019,147,634,9,9
337,Inet80211SPONGENT-11-20260810-15:02:48-742268,Inet80211SPONGENT,11,11,11,7,1,11.081027,147,634,9,9
338,Inet80211SPONGENT-11-20260810-15:02:48-742268,Inet80211SPONGENT,11,11,11,8,1,11.571984,147,634,9,9
339,Inet80211SPONGENT-11-20260810-15:02:48-742268,Inet80211SPONGENT,11,11,11,9,1,8.965852,147,634,9,9
340,Inet80211SPONGENT-12-20260810-15:02:48-742268,Inet80211SPONGENT,12,12,12,0,1,9.182423,147,634,9,9
341,Inet80211SPONGENT-12-20260810-15:02:48-742268,Inet80211SPONGENT,12,12,12,1,1,9.786836,147,634,9,9
342,Inet80211SPONGENT-12-20260810-15:02:48-742268,Inet80211SPONGENT,12,12,12,2,1,11.818322,147,634,9,9
343,Inet80211SPONGENT-12-20260810-15:02:48-742268,Inet80211SPONGENT,12,12,12,3,1,10.31558,147,634,9,9
344,Inet80211SPONGENT-12-20260810-15:02:48-742268,Inet80211SPONGENT,12,12,12,4,1,11.388071,147,634,9,9
345,Inet80211SPONGENT-12-20260810-15:02:48-742268,Inet80211SPONGENT,12,12,12,5,1,13.237188,147,634,9,9
346,Inet80211SPONGENT-12-20260810-15:02:48-742268,Inet80211SPONGENT,12,12,12,6,0,0.0,0,0,9,9
347,Inet80211SPONGENT-12-20260810-15:02:48-742268,Inet80211SPONGENT,12,12,12,7,1,5.186128,147,634,9,9
348,Inet80211SPONGENT-12-20260810-15:02:48-742268,Inet80211SPONGENT,12,12,12,8,1,6.268287,147,634,9,9
349,Inet80211SPONGENT-12-20260810-15:02:48-742268,Inet80211SPONGENT,12,12,12,9,1,12.347449,147,634,9,9
350,Inet80211SPONGENT-13-20260810-15:02:49-742268,Inet80211SPONGENT,13,13,13,0,1,13.778936,147,634,10,10
351,Inet80211SPONGENT-13-20260810-15:02:49-742268,Inet80211SPONGENT,13,13,13,1,1,12.500939,147,634,10,10
352,Inet80211SPONGENT-13-20260810-15:02:49-742268,Inet80211SPONGENT,13,13,13,2,1,11.791988,147,634,10,10
353,Inet80211SPONGENT-13-20260810-15:02:49-742268,Inet80211SPONGENT,13,13,13,3,1,14.688369,147,634,10,10
354,Inet80211SPONGENT-13-20260810-15:02:49-742268,Inet80211SPONGENT,13,13,13,4,1,15.037386,147,634,10,10
355,Inet80211SPONGENT-13-20260810-15:02:49-742268,Inet80211SPONGENT,13,13,13,5,1,13.049593,147,634,10,10
356,Inet80211SPONGENT-13-20260810-15:02:49-742268,Inet80211SPONGENT,13,13,13,6,1,15.546222,147,634,10,10
357,Inet80211SPONGENT-13-20260810-15:02:49-742268,Inet80211SPONGENT,13,13,13,7,1,9.914367,147,634,10,10
358,Inet80211SPONGENT-13-20260810-15:02:49-742268,Inet80211SPONGENT,13,13,13,8,1,10.863052,147,634,10,10
359,Inet80211SPONGENT-13-20260810-15:02:49-742268,Inet80211SPONGENT,13,13,13,9,1,6.845739,147,634,10,10
360,Inet80211SPONGENT-14-20260810-15:02:49-742268,Inet80211SPONGENT,14,14,14,0,1,12.360795,147,634,10,10
361,Inet80211SPONGENT-14-20260810-15:02:49-742268,Inet80211SPONGENT,14,14,14,1,1,11.671308,147,634,10,10
362,Inet80211SPONGENT-14-20260810-15:02:49-742268,Inet80211SPONGENT,14,14,14,2,1,11.241093,147,634,10,10
363,Inet80211SPONGENT-14-20260810-15:02:49-742268,Inet80211SPONGENT,14,14,14,3,1,14.063685,147,634,10,10
364,Inet80211SPONGENT-14-20260810-15:02:49-742268,Inet80211SPONGENT,14,14,14,4,1,10.910645,147,634,10,10
365,Inet80211SPONGENT-14-20260810-15:02:49-742268,Inet80211SPONGENT,14,14,14,5,1,5.47763,147,634,10,10
366,Inet80211SPONGENT-14-20260810-15:02:49-742268,Inet80211SPONGENT,14,14,14,6,1,14.61335,147,634,10,10
367,Inet80211SPONGENT-14-20260810-15:02:49-742268,Inet80211SPONGENT,14,14,14,7,1,10.001042,147,634,10,10
368,Inet80211SPONGENT-14-20260810-15:02:49-742268,Inet80211SPONGENT,14,14,14,8,1,15.542699,147,634,10,10
369,Inet80211SPONGENT-14-20260810-15:02:49-742268,Inet80211SPONGENT,14,14,14,9,1,15.872007,147,634,10,10
370,Inet80211SPONGENT-15-20260810-15:02:49-742268,Inet80211SPONGENT,15,15,15,0,1,13.383787,147,634,10,10
371,Inet80211SPONGENT-15-20260810-15:02:49-742268,Inet80211SPONGENT,15,15,15,1,1,12.852858,147,634,10,10
372,Inet80211SPONGENT-15-20260810-15:02:49-742268,Inet80211SPONGENT,15,15,15,2,1,11.761118,147,634,10,10
373,Inet80211SPONGENT-15-20260810-15:02:49-742268,Inet80211SPONGENT,15,15,15,3,1,7.141879,147,634,10,10
374,Inet80211SPONGENT-15-20260810-15:02:49-742268,Inet80211SPONGENT,15,15,15,4,1,17.893188,147,634,10,10
375,Inet80211SPONGENT-15-20260810-15:02:49-742268,Inet80211SPONGENT,15,15,15,5,1,17.103101,147,634,10,10
376,Inet80211SPONGENT-15-20260810-15:02:49-742268,Inet80211SPONGENT,15,15,15,6,1,10.221018,147,634,10,10
377,Inet80211SPONGENT-15-20260810-15:02:49-742268,Inet80211SPONGENT,15,15,15,7,1,14.584408,147,634,10,10
378,Inet80211SPONGENT-15-20260810-15:02:49-742268,Inet80211SPONGENT,15,15,15,8,1,11.071123,147,634,10,10
379,Inet80211SPONGENT-15-20260810-15:02:49-742268,Inet80211SPONGENT,15,15,15,9,1,13.773963,147,634,10,10
380,Inet80211SPONGENT-16-20260810-15:02:49-742268,Inet80211SPONGENT,16,16,16,0,1,15.185533,147,634,10,10
381,Inet80211SPONGENT-16-20260810-15:02:49-742268,Inet80211SPONGENT,16,16,16,1,1,14.276069,147,634,10,10
382,Inet80211SPONGENT-16-20260810-15:02:49-742268,Inet80211SPONGENT,16,16,16,2,1,8.811833,147,634,10,10
383,Inet80211SPONGENT-16-20260810-15:02:49-742268,Inet80211SPONGENT,16,16,16,3,1,7.586546,147,634,10,10
384,Inet80211SPONGENT-16-20260810-15:02:49-742268,Inet80211SPONGENT,16,16,16,4,1,16.08424,147,634,10,10
385,Inet80211SPONGENT-16-20260810-15:02:49-742268,Inet80211SPONGENT,16,16,16,5,1,15.615103,147,634,10,10
386,Inet80211SPONGENT-16-20260810-15:02:49-742268,Inet80211SPONGENT,16,16,16,6,1,5.780241,147,634,10,10
387,Inet80211SPONGENT-16-20260810-15:02:49-742268,Inet80211SPONGENT,16,16,16,7,1,13.886801,147,634,10,10
388,Inet80211SPONGENT-16-20260810-15:02:49-742268,Inet80211SPONGENT,16,16,16,8,1,10.075908,147,634,10,10
389,Inet80211SPONGENT-16-20260810-15:02:49-742268,Inet80211SPONGENT,16,16,16,9,1,11.851613,147,634,10,10
390,Inet80211SPONGENT-17-20260810-15:02:49-742268,Inet80211SPONGENT,17,17,17,0,1,3.916367,147,634,10,10
391,Inet80211SPONGENT-17-20260810-15:02:49-742268,Inet80211SPONGENT,17,17,17,1,1,12.361236,147,634,10,10
392,Inet80211SPONGENT-17-20260810-15:02:49-742268,Inet80211SPONGENT,17,17,17,2,1,14.530232,147,634,10,10
393,Inet80211SPONGENT-17-20260810-15:02:49-742268,Inet80211SPONGENT,17,17,17,3,1,11.080723,147,634,10,10
394,Inet80211SPONGENT-17-20260810-15:02:49-742268,Inet80211SPONGENT,17,17,17,4,1,9.175367,147,634,10,10
395,Inet80211SPONGENT-17-20260810-15:02:49-742268,Inet80211SPONGENT,17,17,17,5,1,10.731151,147,634,10,10
396,Inet80211SPONGENT-17-20260810-15:02:49-742268,Inet80211SPONGENT,17,17,17,6,1,13.780658,147,634,10,10
397,Inet80211SPONGENT-17-20260810-15:02:49-742268,Inet80211SPONGENT,17,17,17,7,1,12.971003,147,634,10,10
398,Inet80211SPONGENT-17-20260810-15:02:49-742268,Inet80211SPONGENT,17,17,17,8,1,14.999273,147,634,10,10
399,Inet80211SPONGENT-17-20260810-15:02:49-742268,Inet80211SPONGENT,17,17,17,9,1,11.451027,147,634,10,10
400,Inet80211SPONGENT-18-20260810-15:02:50-742268,Inet80211SPONGENT,18,18,18,0,1,14.404652,147,634,10,10
401,Inet80211SPONGENT-18-20260810-15:02:50-742268,Inet80211SPONGENT,18,18,18,1,1,15.253608,147,634,10,10
402,Inet80211SPONGENT-18-20260810-15:02:50-742268,Inet80211SPONGENT,18,18,18,2,1,12.743753,147,634,10,10
403,Inet80211SPONGENT-18-20260810-15:02:50-742268,Inet80211SPONGENT,18,18,18,3,1,12.334056,147,634,10,10
404,Inet80211SPONGENT-18-20260810-15:02:50-742268,Inet80211SPONGENT,18,18,18,4,1,11.965459,147,634,10,10
405,Inet80211SPONGENT-18-20260810-15:02:50-742268,Inet80211SPONGENT,18,18,18,5,1,8.333119,147,634,10,10
406,Inet80211SPONGENT-18-20260810-15:02:50-742268,Inet80211SPONGENT,18,18,18,6,1,6.789221,147,634,10,10
407,Inet80211SPONGENT-18-20260810-15:02:50-742268,Inet80211SPONGENT,18,18,18,7,1,11.416105,147,634,10,10
408,Inet80211SPONGENT-18-20260810-15:02:50-742268,Inet80211SPONGENT,18,18,18,8,1,13.554604,147,634,10,10
409,Inet80211SPONGENT-18-20260810-15:02:50-742268,Inet80211SPONGENT,18,18,18,9,1,10.012058,147,634,10,10
410,Inet80211SPONGENT-19-20260810-15:02:50-742268,Inet80211SPONGENT,19,19,19,0,1,14.136511,147,634,10,10
411,Inet80211SPONGENT-19-20260810-15:02:50-742268,Inet80211SPONGENT,19,19,19,1,1,7.7688,147,634,10,10
412,Inet80211SPONGENT-19-20260810-15:02:50-742268,Inet80211SPONGENT,19,19,19,2,1,12.535586,147,634,10,10
413,Inet80211SPONGENT-19-20260810-15:02:50-742268,Inet80211SPONGENT,19,19,19,3,1,10.263003,147,634,10,10
414,Inet80211SPONGENT-19-20260810-15:02:50-742268,Inet80211SPONGENT,19,19,19,4,1,9.292271,147,634,10,10
415,Inet80211SPONGENT-19-20260810-15:02:50-742268,Inet80211SPONGENT,19,19,19,5,1,6.650506,147,634,10,10
416,Inet80211SPONGENT-19-20260810-15:02:50-742268,Inet80211SPONGENT,19,19,19,6,1,15.197135,147,634,10,10
417,Inet80211SPONGENT-19-20260810-15:02:50-742268,Inet80211SPONGENT,19,19,19,7,1,13.305547,147,634,10,10
418,Inet80211SPONGENT-19-20260810-15:02:50-742268,Inet80211SPONGENT,19,19,19,8,1,14.586736,147,634,10,10
419,Inet80211SPONGENT-19-20260810-15:02:50-742268,Inet80211SPONGENT,19,19,19,9,1,10.772054,147,634,10,10
420,Inet80211SPONGENT-2-20260810-15:02:47-742268,Inet80211SPONGENT,2,2,2,0,1,10.140228,147,634,10,10
421,Inet80211SPONGENT-2-20260810-15:02:47-742268,Inet80211SPONGENT,2,2,2,1,1,5.840239,147,634,10,10
422,Inet80211SPONGENT-2-20260810-15:02:47-742268,Inet80211SPONGENT,2,2,2,2,1,12.257261,147,634,10,10
423,Inet80211SPONGENT-2-20260810-15:02:47-742268,Inet80211SPONGENT,2,2,2,3,1,9.410353,147,634,10,10
424,Inet80211SPONGENT-2-20260810-15:02:47-742268,Inet80211SPONGENT,2,2,2,4,1,12.925808,147,634,10,10
425,Inet80211SPONGENT-2-20260810-15:02:47-742268,Inet80211SPONGENT,2,2,2,5,1,13.83474,147,634,10,10
426,Inet80211SPONGENT-2-20260810-15:02:47-742268,Inet80211SPONGENT,2,2,2,6,1,10.93894,147,634,10,10
427,Inet80211SPONGENT-2-20260810-15:02:47-742268,Inet80211SPONGENT,2,2,2,7,1,14.203906,147,634,10,10
428,Inet80211SPONGENT-2-20260810-15:02:47-742268,Inet80211SPONGENT,2,2,2,8,1,10.589987,147,634,10,10
429,Inet80211SPONGENT-2-20260810-15:02:47-742268,Inet80211SPONGENT,2,2,2,9,1,11.308098,147,634,10,10
430,Inet80211SPONGENT-20-20260810-15:02:50-742268,Inet80211SPONGENT,20,20,20,0,1,11.730769,147,634,10,10
431,Inet80211SPONGENT-20-20260810-15:02:50-742268,Inet80211SPONGENT,20,20,20,1,1,10.961634,147,634,10,10
432,Inet80211SPONGENT-20-20260810-15:02:50-742268,Inet80211SPONGENT,20,20,20,2,1,2.111,147,634,10,10
433,Inet80211SPONGENT-20-20260810-15:02:50-742268,Inet80211SPONGENT,20,20,20,3,1,13.073313,147,634,10,10
434,Inet80211SPONGENT-20-20260810-15:02:50-742268,Inet80211SPONGENT,20,20,20,4,1,15.873888,147,634,10,10
435,Inet80211SPONGENT-20-20260810-15:02:50-742268,Inet80211SPONGENT,20,20,20,5,1,15.105225,147,634,10,10
436,Inet80211SPONGENT-20-20260810-15:02:50-742268,Inet80211SPONGENT,20,20,20,6,1,14.695771,147,634,10,10
437,Inet80211SPONGENT-20-20260810-15:02:50-742268,Inet80211SPONGENT,20,20,20,7,1,6.90149,147,634,10,10
438,Inet80211SPONGENT-20-20260810-15:02:50-742268,Inet80211SPONGENT,20,20,20,8,1,9.441808,147,634,10,10
439,Inet80211SPONGENT-20-20260810-15:02:50-742268,Inet80211SPONGENT,20,20,20,9,1,10.31248,147,634,10,10
440,Inet80211SPONGENT-21-20260810-15:02:50-742268,Inet80211SPONGENT,21,21,21,0,1,11.917085,147,634,10,10
441,Inet80211SPONGENT-21-20260810-15:02:50-742268,Inet80211SPONGENT,21,21,21,1,1,10.338148,147,634,10,10
442,Inet80211SPONGENT-21-20260810-15:02:50-742268,Inet80211SPONGENT,21,21,21,2,1,12.765732,147,634,10,10
443,Inet80211SPONGENT-21-20260810-15:02:50-742268,Inet80211SPONGENT,21,21,21,3,1,14.063729,147,634,10,10
444,Inet80211SPONGENT-21-20260810-15:02:50-742268,Inet80211SPONGENT,21,21,21,4,1,13.154667,147,634,10,10
445,Inet80211SPONGENT-21-20260810-15:02:50-742268,Inet80211SPONGENT,21,21,21,5,1,9.768158,147,634,10,10
446,Inet80211SPONGENT-21-20260810-15:02:50-742268,Inet80211SPONGENT,21,21,21,6,1,15.392524,147,634,10,10
447,Inet80211SPONGENT-21-20260810-15:02:50-742268,Inet80211SPONGENT,21,21,21,7,1,11.208146,147,634,10,10
448,Inet80211SPONGENT-21-20260810-15:02:50-742268,Inet80211SPONGENT,21,21,21,8,1,14.862052,147,634,10,10
449,Inet80211SPONGENT-21-20260810-15:02:50-742268,Inet80211SPONGENT,21,21,21,9,1,14.452435,147,634,10,10
450,Inet80211SPONGENT-22-20260810-15:02:50-742268,Inet80211SPONGENT,22,22,22,0,1,10.482593,147,634,10,10
451,Inet80211SPONGENT-22-20260810-15:02:50-742268,Inet80211SPONGENT,22,22,22,1,1,9.793694,147,634,10,10
452,Inet80211SPONGENT-22-20260810-15:02:50-742268,Inet80211SPONGENT,22,22,22,2,1,13.706768,147,634,10,10
453,Inet80211SPONGENT-22-20260810-15:02:50-742268,Inet80211SPONGENT,22,22,22,3,1,1.146729,147,634,10,10
454,Inet80211SPONGENT-22-20260810-15:02:50-742268,Inet80211SPONGENT,22,22,22,4,1,15.366519,147,634,10,10
455,Inet80211SPONGENT-22-20260810-15:02:50-742268,Inet80211SPONGENT,22,22,22,5,1,8.722847,147,634,10,10
456,Inet80211SPONGENT-22-20260810-15:02:50-742268,Inet80211SPONGENT,22,22,22,6,1,15.796044,147,634,10,10
457,Inet80211SPONGENT-22-20260810-15:02:50-742268,Inet80211SPONGENT,22,22,22,7,1,6.238825,147,634,10,10
458,Inet80211SPONGENT-22-20260810-15:02:50-742268,Inet80211SPONGENT,22,22,22,8,1,14.657078,147,634,10,10
459,Inet80211SPONGENT-22-20260810-15:02:50-742268,Inet80211SPONGENT,22,22,22,9,1,12.935113,147,634,10,10
460,Inet80211SPONGENT-23-20260810-15:02:51-742268,Inet80211SPONGENT,23,23,23,0,1,10.050543,147,634,10,10
461,Inet80211SPONGENT-23-20260810-15:02:51-742268,Inet80211SPONGENT,23,23,23,1,1,4.751659,147,634,10,10
462,Inet80211SPONGENT-23-20260810-15:02:51-742268,Inet80211SPONGENT,23,23,23,2,1,11.632798,147,634,10,10
463,Inet80211SPONGENT-23-20260810-15:02:51-742268,Inet80211SPONGENT,23,23,23,3,1,14.924914,147,634,10,10
464,Inet80211SPONGENT-23-20260810-15:02:51-742268,Inet80211SPONGENT,23,23,23,4,1,15.554164,147,634,10,10
465,Inet80211SPONGENT-23-20260810-15:02:51-742268,Inet80211SPONGENT,23,23,23,5,1,12.062167,147,634,10,10
466,Inet80211SPONGENT-23-20260810-15:02:51-742268,Inet80211SPONGENT,23,23,23,6,1,7.843882,147,634,10,10
467,Inet80211SPONGENT-23-20260810-15:02:51-742268,Inet80211SPONGENT,23,23,23,7,1,14.016043,147,634,10,10
468,Inet80211SPONGENT-23-20260810-15:02:51-742268,Inet80211SPONGENT,23,23,23,8,1,16.463153,147,634,10,10
469,Inet80211SPONGENT-23-20260810-15:02:51-742268,Inet80211SPONGENT,23,23,23,9,1,8.707135,147,634,10,10
470,Inet80211SPONGENT-24-20260810-15:02:51-742268,Inet80211SPONGENT,24,24,24,0,1,14.670182,147,634,10,10
471,Inet80211SPONGENT-24-20260810-15:02:51-742268,Inet80211SPONGENT,24,24,24,1,1,11.080665,147,634,10,10
472,Inet80211SPONGENT-24-20260810-15:02:51-742268,Inet80211SPONGENT,24,24,24,2,1,15.560315,147,634,10,10
473,Inet80211SPONGENT-24-20260810-15:02:51-742268,Inet80211SPONGENT,24,24,24,3,1,14.2005,147,634,10,10
474,Inet80211SPONGENT-24-20260810-15:02:51-742268,Inet80211SPONGENT,24,24,24,4,1,12.540467,147,634,10,10
475,Inet80211SPONGENT-24-20260810-15:02:51-742268,Inet80211SPONGENT,24,24,24,5,1,16.010114,147,634,10,10
476,Inet80211SPONGENT-24-20260810-15:02:51-742268,Inet80211SPONGENT,24,24,24,6,1,10.711347,147,634,10,10
477,Inet80211SPONGENT-24-20260810-15:02:51-742268,Inet80211SPONGENT,24,24,24,7,1,11.970254,147,634,10,10
478,Inet80211SPONGENT-24-20260810-15:02:51-742268,Inet80211SPONGENT,24,24,24,8,1,13.270272,147,634,10,10
479,Inet80211SPONGENT-24-20260810-15:02:51-742268,Inet80211SPONGENT,24,24,24,9,1,8.196842,147,634,10,10
480,Inet80211SPONGENT-25-20260810-15:02:51-742268,Inet80211SPONGENT,25,25,25,0,1,14.797784,147,634,10,10
481,Inet80211SPONGENT-25-20260810-15:02:51-742268,Inet80211SPONGENT,25,25,25,1,1,16.257796,147,634,10,10
482,Inet80211SPONGENT-25-20260810-15:02:51-742268,Inet80211SPONGENT,25,25,25,2,1,4.823611,147,634,10,10
483,Inet80211SPONGENT-25-20260810-15:02:51-742268,Inet80211SPONGENT,25,25,25,3,1,15.72745,147,634,10,10
484,Inet80211SPONGENT-25-20260810-15:02:51-742268,Inet80211SPONGENT,25,25,25,4,1,12.668368,147,634,10,10
485,Inet80211SPONGENT-25-20260810-15:02:51-742268,Inet80211SPONGENT,25,25,25,5,1,12.038545,147,634,10,10
486,Inet80211SPONGENT-25-20260810-15:02:51-742268,Inet80211SPONGENT,25,25,25,6,1,9.488073,147,634,10,10
487,Inet80211SPONGENT-25-20260810-15:02:51-742268,Inet80211SPONGENT,25,25,25,7,1,13.5186,147,634,10,10
488,Inet80211SPONGENT-25-20260810-15:02:51-742268,Inet80211SPONGENT,25,25,25,8,1,11.289268,147,634,10,10
489,Inet80211SPONGENT-25-20260810-15:02:51-742268,Inet80211SPONGENT,25,25,25,9,1,14.248267,147,634,10,10
490,Inet80211SPONGENT-26-20260810-15:02:51-742268,Inet80211SPONGENT,26,26,26,0,1,11.708273,147,634,10,10
491,Inet80211SPONGENT-26-20260810-15:02:51-742268,Inet80211SPONGENT,26,26,26,1,1,5.744671,147,634,10,10
492,Inet80211SPONGENT-26-20260810-15:02:51-742268,Inet80211SPONGENT,26,26,26,2,1,14.289652,147,634,10,10
493,Inet80211SPONGENT-26-20260810-15:02:51-742268,Inet80211SPONGENT,26,26,26,3,1,10.309496,147,634,10,10
494,Inet80211SPONGENT-26-20260810-15:02:51-742268,Inet80211SPONGENT,26,26,26,4,1,13.519906,147,634,10,10
495,Inet80211SPONGENT-26-20260810-15:02:51-742268,Inet80211SPONGENT,26,26,26,5,1,9.144731,147,634,10,10
496,Inet80211SPONGENT-26-20260810-15:02:51-742268,Inet80211SPONGENT,26,26,26,6,1,15.039155,147,634,10,10
497,Inet80211SPONGENT-26-20260810-15:02:51-742268,Inet80211SPONGENT,26,26,26,7,1,12.790427,147,634,10,10
498,Inet80211SPONGENT-26-20260810-15:02:51-742268,Inet80211SPONGENT,26,26,26,8,1,11.199216,147,634,10,10
499,Inet80211SPONGENT-26-20260810-15:02:51-742268,Inet80211SPONGENT,26,26,26,9,1,8.736395,147,634,10,10
500,Inet80211SPONGENT-27-20260810-15:02:51-742268,Inet80211SPONGENT,27,27,27,0,1,14.230107,147,634,10,10
501,Inet80211SPONGENT-27-20260810-15:02:51-742268,Inet80211SPONGENT,27,27,27,1,1,5.925884,147,634,10,10
502,Inet80211SPONGENT-27-20260810-15:02:51-742268,Inet80211SPONGENT,27,27,27,2,1,10.178713,147,634,10,10
503,Inet80211SPONGENT-27-20260810-15:02:51-742268,Inet80211SPONGENT,27,27,27,3,1,8.30279,147,634,10,10
504,Inet80211SPONGENT-27-20260810-15:02:51-742268,Inet80211SPONGENT,27,27,27,4,1,12.422109,147,634,10,10
505,Inet80211SPONGENT-27-20260810-15:02:51-742268,Inet80211SPONGENT,27,27,27,5,1,10.982258,147,634,10,10
506,Inet80211SPONGENT-27-20260810-15:02:51-742268,Inet80211SPONGENT,27,27,27,6,1,13.400807,147,634,10,10
507,Inet80211SPONGENT-27-20260810-15:02:51-742268,Inet80211SPONGENT,27,27,27,7,1,13.031796,147,634,10,10
508,Inet80211SPONGENT-27-20260810-15:02:51-742268,Inet80211SPONGENT,27,27,27,8,1,11.331703,147,634,10,10
509,Inet80211SPONGENT-27-20260810-15:02:51-742268,Inet80211SPONGENT,27,27,27,9,1,4.822505,147,634,10,10
510,Inet80211SPONGENT-28-20260810-15:02:51-742268,Inet80211SPONGENT,28,28,28,0,1,17.830996,147,634,10,10
511,Inet80211SPONGENT-28-20260810-15:02:51-742268,Inet80211SPONGENT,28,28,28,1,1,13.035049,147,634,10,10
512,Inet80211SPONGENT-28-20260810-15:02:51-742268,Inet80211SPONGENT,28,28,28,2,1,15.282078,147,634,10,10
513,Inet80211SPONGENT-28-20260810-15:02:51-742268,Inet80211SPONGENT,28,28,28,3,1,13.78435,147,634,10,10
514,Inet80211SPONGENT-28-20260810-15:02:51-742268,Inet80211SPONGENT,28,28,28,4,1,14.672979,147,634,10,10
515,Inet80211SPONGENT-28-20260810-15:02:51-742268,Inet80211SPONGENT,28,28,28,5,1,18.180401,147,634,10,10
516,Inet80211SPONGENT-28-20260810-15:02:51-742268,Inet80211SPONGENT,28,28,28,6,1,9.948245,147,634,10,10
517,Inet80211SPONGENT-28-20260810-15:02:51-742268,Inet80211SPONGENT,28,28,28,7,1,11.570936,147,634,10,10
518,Inet80211SPONGENT-28-20260810-15:02:51-742268,Inet80211SPONGENT,28,28,28,8,1,16.981994,147,634,10,10
519,Inet80211SPONGENT-28-20260810-15:02:51-742268,Inet80211SPONGENT,28,28,28,9,1,16.132035,147,634,10,10
520,Inet80211SPONGENT-29-20260810-15:02:52-742268,Inet80211SPONGENT,29,29,29,0,1,15.060619,147,634,10,10
521,Inet80211SPONGENT-29-20260810-15:02:52-742268,Inet80211SPONGENT,29,29,29,1,1,11.671811,147,634,10,10
522,Inet80211SPONGENT-29-20260810-15:02:52-742268,Inet80211SPONGENT,29,29,29,2,1,7.747263,147,634,10,10
523,Inet80211SPONGENT-29-20260810-15:02:52-742268,Inet80211SPONGENT,29,29,29,3,1,14.450501,147,634,10,10
524,Inet80211SPONGENT-29-20260810-15:02:52-742268,Inet80211SPONGENT,29,29,29,4,1,9.743987,147,634,10,10
525,Inet80211SPONGENT-29-20260810-15:02:52-742268,Inet80211SPONGENT,29,29,29,5,1,12.542082,147,634,10,10
526,Inet80211SPONGENT-29-20260810-15:02:52-742268,Inet80211SPONGENT,29,29,29,6,1,10.787876,147,634,10,10
527,Inet80211SPONGENT-29-20260810-15:02:52-742268,Inet80211SPONGENT,29,29,29,7,1,13.410573,147,634,10,10
528,Inet80211SPONGENT-29-20260810-15:02:52-742268,Inet80211SPONGENT,29,29,29,8,1,7.398612,147,634,10,10
529,Inet80211SPONGENT-29-20260810-15:02:52-742268,Inet80211SPONGENT,29,29,29,9,1,13.800188,147,634,10,10
530,Inet80211SPONGENT-3-20260810-15:02:47-742268,Inet80211SPONGENT,3,3,3,0,1,11.658516,147,634,10,10
531,Inet80211SPONGENT-3-20260810-15:02:47-742268,Inet80211SPONGENT,3,3,3,1,1,15.258187,147,634,10,10
532,Inet80211SPONGENT-3-20260810-15:02:47-742268,Inet80211SPONGENT,3,3,3,2,1,13.290281,147,634,10,10
533,Inet80211SPONGENT-3-20260810-15:02:47-742268,Inet80211SPONGENT,3,3,3,3,1,8.914639,147,634,10,10
534,Inet80211SPONGENT-3-20260810-15:02:47-742268,Inet80211SPONGENT,3,3,3,4,1,12.661057,147,634,10,10
535,Inet80211SPONGENT-3-20260810-15:02:47-742268,Inet80211SPONGENT,3,3,3,5,1,10.55528,147,634,10,10
536,Inet80211SPONGENT-3-20260810-15:02:47-742268,Inet80211SPONGENT,3,3,3,6,1,14.099531,147,634,10,10
537,Inet80211SPONGENT-3-20260810-15:02:47-742268,Inet80211SPONGENT,3,3,3,7,1,4.73046,147,634,10,10
538,Inet80211SPONGENT-3-20260810-15:02:47-742268,Inet80211SPONGENT,3,3,3,8,1,14.70895,147,634,10,10
539,Inet80211SPONGENT-3-20260810-15:02:47-742268,Inet80211SPONGENT,3,3,3,9,1,9.62554,147,634,10,10
540,Inet80211SPONGENT-4-20260810-15:02:47-742268,Inet80211SPONGENT,4,4,4,0,1,13.988062,147,634,10,10
541,Inet80211SPONGENT-4-20260810-15:02:47-742268,Inet80211SPONGENT,4,4,4,1,1,3.249981,147,634,10,10
542,Inet80211SPONGENT-4-20260810-15:02:47-742268,Inet80211SPONGENT,4,4,4,2,1,13.218341,147,634,10,10
543,Inet80211SPONGENT-4-20260810-15:02:47-742268,Inet80211SPONGENT,4,4,4,3,1,11.324338,147,634,10,10
544,Inet80211SPONGENT-4-20260810-15:02:47-742268,Inet80211SPONGENT,4,4,4,4,1,10.954092,147,634,10,10
545,Inet80211SPONGENT-4-20260810-15:02:47-742268,Inet80211SPONGENT,4,4,4,5,1,9.880811,147,634,10,10
546,Inet80211SPONGENT-4-20260810-15:02:47-742268,Inet80211SPONGENT,4,4,4,6,1,14.438988,147,634,10,10
547,Inet80211SPONGENT-4-20260810-15:02:47-742268,Inet80211SPONGENT,4,4,4,7,1,12.468457,147,634,10,10
548,Inet80211SPONGENT-4-20260810-15:02:47-742268,Inet80211SPONGENT,4,4,4,8,1,9.25544,147,634,10,10
549,Inet80211SPONGENT-4-20260810-15:02:47-742268,Inet80211SPONGENT,4,4,4,9,1,15.029867,147,634,10,10
550,Inet80211SPONGENT-5-20260810-15:02:47-742268,Inet80211SPONGENT,5,5,5,0,1,15.550991,147,634,10,10
551,Inet80211SPONGENT-5-20260810-15:02:47-742268,Inet80211SPONGENT,5,5,5,1,1,14.291651,147,634,10,10
552,Inet80211SPONGENT-5-20260810-15:02:47-742268,Inet80211SPONGENT,5,5,5,2,1,10.557959,147,634,10,10
553,Inet80211SPONGENT-5-20260810-15:02:47-742268,Inet80211SPONGENT,5,5,5,3,1,12.631874,147,634,10,10
554,Inet80211SPONGENT-5-20260810-15:02:47-742268,Inet80211SPONGENT,5,5,5,4,1,11.368451,147,634,10,10
555,Inet80211SPONGENT-5-20260810-15:02:47-742268,Inet80211SPONGENT,5,5,5,5,1,16.121544,147,634,10,10
556,Inet80211SPONGENT-5-20260810-15:02:47-742268,Inet80211SPONGENT,5,5,5,6,1,15.120754,147,634,10,10
557,Inet80211SPONGENT-5-20260810-15:02:47-742268,Inet80211SPONGENT,5,5,5,7,1,10.207186,147,634,10,10
558,Inet80211SPONGENT-5-20260810-15:02:47-742268,Inet80211SPONGENT,5,5,5,8,1,13.402408,147,634,10,10
559,Inet80211SPONGENT-5-20260810-15:02:47-742268,Inet80211SPONGENT,5,5,5,9,1,5.664063,147,634,10,10
560,Inet80211SPONGENT-6-20260810-15:02:47-742268,Inet80211SPONGENT,6,6,6,0,1,13.439257,147,634,10,10
561,Inet80211SPONGENT-6-20260810-15:02:47-742268,Inet80211SPONGENT,6,6,6,1,1,8.979143,147,634,10,10
562,Inet80211SPONGENT-6-20260810-15:02:47-742268,Inet80211SPONGENT,6,6,6,2,1,9.952568,147,634,10,10
563,Inet80211SPONGENT-6-20260810-15:02:47-742268,Inet80211SPONGENT,6,6,6,3,1,7.472582,147,634,10,10
564,Inet80211SPONGENT-6-20260810-15:02:47-742268,Inet80211SPONGENT,6,6,6,4,1,10.738084,147,634,10,10
565,Inet80211SPONGENT-6-20260810-15:02:47-742268,Inet80211SPONGENT,6,6,6,5,1,15.508158,147,634,10,10
566,Inet80211SPONGENT-6-20260810-15:02:47-742268,Inet80211SPONGENT,6,6,6,6,1,2.745385,147,634,10,10
567,Inet80211SPONGENT-6-20260810-15:02:47-742268,Inet80211SPONGENT,6,6,6,7,1,12.035132,147,634,10,10
568,Inet80211SPONGENT-6-20260810-15:02:47-742268,Inet80211SPONGENT,6,6,6,8,1,14.089139,147,634,10,10
569,Inet80211SPONGENT-6-20260810-15:02:47-742268,Inet80211SPONGENT,6,6,6,9,1,14.778519,147,634,10,10
570,Inet80211SPONGENT-7-20260810-15:02:48-742268,Inet80211SPONGENT,7,7,7,0,1,14.18755,147,634,10,10
571,Inet80211SPONGENT-7-20260810-15:02:48-742268,Inet80211SPONGENT,7,7,7,1,1,10.215584,147,634,10,10
572,Inet80211SPONGENT-7-20260810-15:02:48-742268,Inet80211SPONGENT,7,7,7,2,1,12.036863,147,634,10,10
573,Inet80211SPONGENT-7-20260810-15:02:48-742268,Inet80211SPONGENT,7,7,7,3,1,12.687737,147,634,10,10
574,Inet80211SPONGENT-7-20260810-15:02:48-742268,Inet80211SPONGENT,7,7,7,4,1,5.067491,147,634,10,10
575,Inet80211SPONGENT-7-20260810-15:02:48-742268,Inet80211SPONGENT,7,7,7,5,1,14.617641,147,634,10,10
576,Inet80211SPONGENT-7-20260810-15:02:48-742268,Inet80211SPONGENT,7,7,7,6,1,7.200411,147,634,10,10
577,Inet80211SPONGENT-7-20260810-15:02:48-742268,Inet80211SPONGENT,7,7,7,7,1,13.297824,147,634,10,10
578,Inet80211SPONGENT-7-20260810-15:02:48-742268,Inet80211SPONGENT,7,7,7,8,1,15.10729,147,634,10,10
579,Inet80211SPONGENT-7-20260810-15:02:48-742268,Inet80211SPONGENT,7,7,7,9,1,11.246311,147,634,10,10
580,Inet80211SPONGENT-8-20260810-15:02:48-742268,Inet80211SPONGENT,8,8,8,0,1,11.290237,147,634,10,10
581,Inet80211SPONGENT-8-20260810-15:02:48-742268,Inet80211SPONGENT,8,8,8,1,1,9.911103,147,634,10,10
582,Inet80211SPONGENT-8-20260810-15:02:48-742268,Inet80211SPONGENT,8,8,8,2,1,4.219735,147,634,10,10
583,Inet80211SPONGENT-8-20260810-15:02:48-742268,Inet80211SPONGENT,8,8,8,3,1,6.616444,147,634,10,10
584,Inet80211SPONGENT-8-20260810-15:02:48-742268,Inet80211SPONGENT,8,8,8,4,1,12.21424,147,634,10,10
585,Inet80211SPONGENT-8-20260810-15:02:48-742268,Inet80211SPONGENT,8,8,8,5,1,14.940753,147,634,10,10
586,Inet80211SPONGENT-8-20260810-15:02:48-742268,Inet80211SPONGENT,8,8,8,6,1,13.729927,147,634,10,10
587,Inet80211SPONGENT-8-20260810-15:02:48-742268,Inet80211SPONGENT,8,8,8,7,1,10.780725,147,634,10,10
588,Inet80211SPONGENT-8-20260810-15:02:48-742268,Inet80211SPONGENT,8,8,8,8,1,12.985261,147,634,10,10
589,Inet80211SPONGENT-8-20260810-15:02:48-742268,Inet80211SPONGENT,8,8,8,9,1,9.162071,147,634,10,10
590,Inet80211SPONGENT-9-20260810-15:02:48-742268,Inet80211SPONGENT,9,9,9,0,1,8.688061,147,634,10,10
591,Inet80211SPONGENT-9-20260810-15:02:48-742268,Inet80211SPONGENT,9,9,9,1,1,12.647467,147,634,10,10
592,Inet80211SPONGENT-9-20260810-15:02:48-742268,Inet80211SPONGENT,9,9,9,2,1,15.334288,147,634,10,10
593,Inet80211SPONGENT-9-20260810-15:02:48-742268,Inet80211SPONGENT,9,9,9,3,1,10.558999,147,634,10,10
594,Inet80211SPONGENT-9-20260810-15:02:48-742268,Inet80211SPONGENT,9,9,9,4,1,11.328185,147,634,10,10
595,Inet80211SPONGENT-9-20260810-15:02:48-742268,Inet80211SPONGENT,9,9,9,5,1,11.817689,147,634,10,10
596,Inet80211SPONGENT-9-20260810-15:02:48-742268,Inet80211SPONGENT,9,9,9,6,1,13.476959,147,634,10,10
597,Inet80211SPONGENT-9-20260810-15:02:48-742268,Inet80211SPONGENT,9,9,9,7,1,9.710383,147,634,10,10
598,Inet80211SPONGENT-9-20260810-15:02:48-742268,Inet80211SPONGENT,9,9,9,8,1,15.883154,147,634,10,10
599,Inet80211SPONGENT-9-20260810-15:02:48-742268,Inet80211SPONGENT,9,9,9,9,1,14.405762,147,634,10,10
