idx,success,latency_ms,compute_ms,net_ms,overhead_bytes,hash_mode,sha3_compute_ms,spongent_compute_ms,details,p1_i_compute_ms,p1_p2_j_compute_ms,p1_net_ms,p2_p3_i_compute_ms,p2_net_ms,p3_j_compute_ms,p3_net_ms,config,run_id,uav_id,peer_uav_id
0,1,0.474077,0.009077,0.465,104,sha3,0.005562,0.0,pair=UAV0<->UAV1; config=StadiumSHA3,0.001824,0.002635,0.154,0.002795,0.167,0.001823,0.144,StadiumSHA3,StadiumSHA3-0-20260406-12:04:54-334657,0,1
1,1,0.456135,0.008135,0.448,104,sha3,0.005561,0.0,pair=UAV0<->UAV2; config=StadiumSHA3,0.001473,0.002074,0.158,0.002765,0.155,0.001823,0.135,StadiumSHA3,StadiumSHA3-0-20260406-12:04:54-334657,0,2
2,1,0.484862,0.010862,0.474,104,sha3,0.008054,0.0,pair=UAV0<->UAV3; config=StadiumSHA3,0.004058,0.002224,0.155,0.002806,0.186,0.001774,0.133,StadiumSHA3,StadiumSHA3-0-20260406-12:04:54-334657,0,3
3,1,0.462488,0.008488,0.454,104,sha3,0.005548,0.0,pair=UAV0<->UAV4; config=StadiumSHA3,0.001443,0.002425,0.155,0.002806,0.166,0.001814,0.133,StadiumSHA3,StadiumSHA3-0-20260406-12:04:54-334657,0,4
4,1,0.477995,0.007995,0.47,104,sha3,0.005421,0.0,pair=UAV0<->UAV5; config=StadiumSHA3,0.001373,0.002034,0.164,0.002785,0.168,0.001803,0.138,StadiumSHA3,StadiumSHA3-0-20260406-12:04:54-334657,0,5
5,1,0.494205,0.008205,0.486,104,sha3,0.005601,0.0,pair=UAV0<->UAV6; config=StadiumSHA3,0.001412,0.002054,0.2,0.002805,0.154,0.001934,0.132,StadiumSHA3,StadiumSHA3-0-20260406-12:04:54-334657,0,6
6,1,0.455249,0.010249,0.445,104,sha3,0.005652,0.0,pair=UAV0<->UAV7; config=StadiumSHA3,0.001402,0.004168,0.158,0.002825,0.154,0.001854,0.133,StadiumSHA3,StadiumSHA3-0-20260406-12:04:54-334657,0,7
7,1,0.510934,0.007934,0.503,104,sha3,0.005461,0.0,pair=UAV0<->UAV8; config=StadiumSHA3,0.001322,0.002024,0.168,0.002755,0.176,0.001833,0.159,StadiumSHA3,StadiumSHA3-0-20260406-12:04:54-334657,0,8
8,1,0.48762,0.01062,0.477,104,sha3,0.007744,0.0,pair=UAV0<->UAV9; config=StadiumSHA3,0.001383,0.002064,0.155,0.003206,0.155,0.003967,0.167,StadiumSHA3,StadiumSHA3-0-20260406-12:04:54-334657,0,9
9,1,0.468859,0.009859,0.459,104,sha3,0.006713,0.0,pair=UAV1<->UAV2; config=StadiumSHA3,0.001383,0.002805,0.173,0.002815,0.154,0.002856,0.132,StadiumSHA3,StadiumSHA3-0-20260406-12:04:54-334657,1,2
10,1,0.453772,0.011772,0.442,104,sha3,0.008748,0.0,pair=UAV1<->UAV3; config=StadiumSHA3,0.001362,0.004308,0.154,0.002756,0.155,0.003346,0.133,StadiumSHA3,StadiumSHA3-0-20260406-12:04:54-334657,1,3
11,1,0.483857,0.009857,0.474,104,sha3,0.006593,0.0,pair=UAV1<->UAV4; config=StadiumSHA3,0.001412,0.003857,0.155,0.002765,0.174,0.001823,0.145,StadiumSHA3,StadiumSHA3-0-20260406-12:04:54-334657,1,4
12,1,0.529145,0.008145,0.521,104,sha3,0.005529,0.0,pair=UAV1<->UAV5; config=StadiumSHA3,0.001332,0.002094,0.154,0.002835,0.207,0.001884,0.16,StadiumSHA3,StadiumSHA3-0-20260406-12:04:54-334657,1,5
13,1,0.472864,0.012864,0.46,104,sha3,0.009838,0.0,pair=UAV1<->UAV6; config=StadiumSHA3,0.001393,0.002294,0.154,0.007334,0.154,0.001843,0.152,StadiumSHA3,StadiumSHA3-0-20260406-12:04:54-334657,1,6
14,1,0.505727,0.009727,0.496,104,sha3,0.006582,0.0,pair=UAV1<->UAV7; config=StadiumSHA3,0.001352,0.003727,0.169,0.002815,0.179,0.001833,0.148,StadiumSHA3,StadiumSHA3-0-20260406-12:04:54-334657,1,7
15,1,0.449676,0.008676,0.441,104,sha3,0.00604,0.0,pair=UAV1<->UAV8; config=StadiumSHA3,0.001422,0.002134,0.154,0.002805,0.154,0.002315,0.133,StadiumSHA3,StadiumSHA3-0-20260406-12:04:54-334657,1,8
16,1,0.473399,0.010399,0.463,104,sha3,0.006962,0.0,pair=UAV1<->UAV9; config=StadiumSHA3,0.001292,0.004478,0.156,0.002825,0.174,0.001804,0.133,StadiumSHA3,StadiumSHA3-0-20260406-12:04:54-334657,1,9
17,1,0.489947,0.008947,0.481,104,sha3,0.006073,0.0,pair=UAV2<->UAV3; config=StadiumSHA3,0.002265,0.002114,0.154,0.002745,0.155,0.001823,0.172,StadiumSHA3,StadiumSHA3-0-20260406-12:04:54-334657,2,3
18,1,0.488116,0.008116,0.48,104,sha3,0.005528,0.0,pair=UAV2<->UAV4; config=StadiumSHA3,0.001463,0.002084,0.185,0.002736,0.162,0.001833,0.133,StadiumSHA3,StadiumSHA3-0-20260406-12:04:54-334657,2,4
19,1,0.518877,0.008877,0.51,104,sha3,0.005953,0.0,pair=UAV2<->UAV5; config=StadiumSHA3,0.001403,0.002104,0.184,0.003537,0.191,0.001833,0.135,StadiumSHA3,StadiumSHA3-0-20260406-12:04:54-334657,2,5
20,1,0.468138,0.009138,0.459,104,sha3,0.00637,0.0,pair=UAV2<->UAV6; config=StadiumSHA3,0.001263,0.003246,0.154,0.002776,0.155,0.001853,0.15,StadiumSHA3,StadiumSHA3-0-20260406-12:04:54-334657,2,6
21,1,0.460377,0.008377,0.452,104,sha3,0.0055,0.0,pair=UAV2<->UAV7; config=StadiumSHA3,0.001323,0.002415,0.154,0.002715,0.165,0.001924,0.133,StadiumSHA3,StadiumSHA3-0-20260406-12:04:54-334657,2,7
22,1,0.50451,0.01051,0.494,104,sha3,0.007095,0.0,pair=UAV2<->UAV8; config=StadiumSHA3,0.001362,0.004308,0.153,0.003026,0.154,0.001814,0.187,StadiumSHA3,StadiumSHA3-0-20260406-12:04:54-334657,2,8
23,1,0.539148,0.010148,0.529,104,sha3,0.006992,0.0,pair=UAV2<->UAV9; config=StadiumSHA3,0.001432,0.002064,0.224,0.004849,0.154,0.001803,0.151,StadiumSHA3,StadiumSHA3-0-20260406-12:04:54-334657,2,9
24,1,0.487126,0.008126,0.479,104,sha3,0.00563,0.0,pair=UAV3<->UAV4; config=StadiumSHA3,0.001453,0.002104,0.186,0.002725,0.154,0.001844,0.139,StadiumSHA3,StadiumSHA3-0-20260406-12:04:54-334657,3,4
25,1,0.468332,0.011332,0.457,104,sha3,0.007886,0.0,pair=UAV3<->UAV5; config=StadiumSHA3,0.001343,0.003727,0.155,0.002725,0.169,0.003537,0.133,StadiumSHA3,StadiumSHA3-0-20260406-12:04:54-334657,3,5
26,1,0.486016,0.008016,0.478,104,sha3,0.005538,0.0,pair=UAV3<->UAV6; config=StadiumSHA3,0.001273,0.002084,0.177,0.002755,0.16,0.001904,0.141,StadiumSHA3,StadiumSHA3-0-20260406-12:04:54-334657,3,6
27,1,0.450349,0.010349,0.44,104,sha3,0.007213,0.0,pair=UAV3<->UAV7; config=StadiumSHA3,0.001412,0.002735,0.154,0.002815,0.153,0.003387,0.133,StadiumSHA3,StadiumSHA3-0-20260406-12:04:54-334657,3,7
28,1,0.503285,0.008285,0.495,104,sha3,0.005681,0.0,pair=UAV3<->UAV8; config=StadiumSHA3,0.001372,0.002284,0.166,0.002816,0.195,0.001813,0.134,StadiumSHA3,StadiumSHA3-0-20260406-12:04:54-334657,3,8
29,1,0.493206,0.009206,0.484,104,sha3,0.006352,0.0,pair=UAV3<->UAV9; config=StadiumSHA3,0.001342,0.003316,0.155,0.002725,0.196,0.001823,0.133,StadiumSHA3,StadiumSHA3-0-20260406-12:04:54-334657,3,9
30,1,0.448435,0.008435,0.44,104,sha3,0.00558,0.0,pair=UAV4<->UAV5; config=StadiumSHA3,0.001342,0.002264,0.153,0.002936,0.154,0.001893,0.133,StadiumSHA3,StadiumSHA3-0-20260406-12:04:54-334657,4,5
31,1,0.459175,0.008175,0.451,104,sha3,0.005602,0.0,pair=UAV4<->UAV6; config=StadiumSHA3,0.001333,0.002234,0.154,0.002775,0.157,0.001833,0.14,StadiumSHA3,StadiumSHA3-0-20260406-12:04:54-334657,4,6
32,1,0.449155,0.008155,0.441,104,sha3,0.005621,0.0,pair=UAV4<->UAV7; config=StadiumSHA3,0.001422,0.002134,0.154,0.002775,0.154,0.001824,0.133,StadiumSHA3,StadiumSHA3-0-20260406-12:04:54-334657,4,7
33,1,0.452849,0.009849,0.443,104,sha3,0.006763,0.0,pair=UAV4<->UAV8; config=StadiumSHA3,0.001302,0.003978,0.154,0.002715,0.156,0.001854,0.133,StadiumSHA3,StadiumSHA3-0-20260406-12:04:54-334657,4,8
34,1,0.475985,0.007985,0.468,104,sha3,0.005501,0.0,pair=UAV4<->UAV9; config=StadiumSHA3,0.001323,0.002094,0.154,0.002755,0.177,0.001813,0.137,StadiumSHA3,StadiumSHA3-0-20260406-12:04:54-334657,4,9
35,1,0.462125,0.008125,0.454,104,sha3,0.005541,0.0,pair=UAV5<->UAV6; config=StadiumSHA3,0.001362,0.002124,0.157,0.002765,0.154,0.001874,0.143,StadiumSHA3,StadiumSHA3-0-20260406-12:04:54-334657,5,6
36,1,0.462355,0.008355,0.454,104,sha3,0.005541,0.0,pair=UAV5<->UAV7; config=StadiumSHA3,0.001282,0.002414,0.155,0.002795,0.166,0.001864,0.133,StadiumSHA3,StadiumSHA3-0-20260406-12:04:54-334657,5,7
37,1,0.449626,0.008626,0.441,104,sha3,0.005631,0.0,pair=UAV5<->UAV8; config=StadiumSHA3,0.001823,0.002074,0.154,0.002855,0.154,0.001874,0.133,StadiumSHA3,StadiumSHA3-0-20260406-12:04:54-334657,5,8
38,1,0.465789,0.009789,0.456,104,sha3,0.006633,0.0,pair=UAV5<->UAV9; config=StadiumSHA3,0.002405,0.002335,0.154,0.002775,0.17,0.002274,0.132,StadiumSHA3,StadiumSHA3-0-20260406-12:04:54-334657,5,9
39,1,0.465856,0.008856,0.457,104,sha3,0.006063,0.0,pair=UAV6<->UAV7; config=StadiumSHA3,0.001693,0.002324,0.153,0.002855,0.154,0.001984,0.15,StadiumSHA3,StadiumSHA3-0-20260406-12:04:54-334657,6,7
40,1,0.477027,0.009027,0.468,104,sha3,0.006194,0.0,pair=UAV6<->UAV8; config=StadiumSHA3,0.002244,0.002154,0.155,0.002765,0.161,0.001864,0.152,StadiumSHA3,StadiumSHA3-0-20260406-12:04:54-334657,6,8
41,1,0.459044,0.008044,0.451,104,sha3,0.00553,0.0,pair=UAV6<->UAV9; config=StadiumSHA3,0.001382,0.002063,0.163,0.002736,0.154,0.001863,0.134,StadiumSHA3,StadiumSHA3-0-20260406-12:04:54-334657,6,9
42,1,0.482347,0.009347,0.473,104,sha3,0.006363,0.0,pair=UAV7<->UAV8; config=StadiumSHA3,0.001412,0.003246,0.178,0.002815,0.155,0.001874,0.14,StadiumSHA3,StadiumSHA3-0-20260406-12:04:54-334657,7,8
43,1,0.453149,0.010149,0.443,104,sha3,0.006782,0.0,pair=UAV7<->UAV9; config=StadiumSHA3,0.001292,0.004128,0.155,0.002795,0.154,0.001934,0.134,StadiumSHA3,StadiumSHA3-0-20260406-12:04:54-334657,7,9
44,1,0.459244,0.008244,0.451,104,sha3,0.00569,0.0,pair=UAV8<->UAV9; config=StadiumSHA3,0.001292,0.002174,0.153,0.002915,0.154,0.001863,0.144,StadiumSHA3,StadiumSHA3-0-20260406-12:04:54-334657,8,9
45,1,14.437666,13.972666,0.465,104,spongent,0.0,13.966614,pair=UAV0<->UAV1; config=StadiumSPONGENT,1.545997,3.513968,0.154,5.424892,0.167,3.487809,0.144,StadiumSPONGENT,StadiumSPONGENT-0-20260406-12:04:54-334662,0,1
46,1,14.636604,14.188604,0.448,104,spongent,0.0,14.184263,pair=UAV0<->UAV2; config=StadiumSPONGENT,1.553642,3.490755,0.158,5.500354,0.155,3.643853,0.135,StadiumSPONGENT,StadiumSPONGENT-0-20260406-12:04:54-334662,0,2
47,1,14.483205,14.009205,0.474,104,spongent,0.0,14.004986,pair=UAV0<->UAV3; config=StadiumSPONGENT,1.581424,3.496305,0.155,5.444268,0.186,3.487208,0.133,StadiumSPONGENT,StadiumSPONGENT-0-20260406-12:04:54-334662,0,3
48,1,14.430172,13.976172,0.454,104,spongent,0.0,13.96411,pair=UAV0<->UAV4; config=StadiumSPONGENT,1.562178,3.485675,0.155,5.417587,0.166,3.510732,0.133,StadiumSPONGENT,StadiumSPONGENT-0-20260406-12:04:54-334662,0,4
49,1,14.607776,14.137776,0.47,104,spongent,0.0,14.133116,pair=UAV0<->UAV5; config=StadiumSPONGENT,1.543723,3.531882,0.164,5.480496,0.168,3.581675,0.138,StadiumSPONGENT,StadiumSPONGENT-0-20260406-12:04:54-334662,0,5
50,1,14.557261,14.071261,0.486,104,spongent,0.0,14.056144,pair=UAV0<->UAV6; config=StadiumSPONGENT,1.557719,3.588378,0.2,5.435081,0.154,3.490083,0.132,StadiumSPONGENT,StadiumSPONGENT-0-20260406-12:04:54-334662,0,6
51,1,14.48407,14.03907,0.445,104,spongent,0.0,14.034271,pair=UAV0<->UAV7; config=StadiumSPONGENT,1.597995,3.518817,0.158,5.42946,0.154,3.492798,0.133,StadiumSPONGENT,StadiumSPONGENT-0-20260406-12:04:54-334662,0,7
52,1,14.559882,14.056882,0.503,104,spongent,0.0,14.050301,pair=UAV0<->UAV8; config=StadiumSPONGENT,1.564612,3.517003,0.168,5.453976,0.176,3.521291,0.159,StadiumSPONGENT,StadiumSPONGENT-0-20260406-12:04:54-334662,0,8
53,1,14.469384,13.992384,0.477,104,spongent,0.0,13.988658,pair=UAV0<->UAV9; config=StadiumSPONGENT,1.549414,3.512636,0.155,5.446993,0.155,3.483341,0.167,StadiumSPONGENT,StadiumSPONGENT-0-20260406-12:04:54-334662,0,9
54,1,14.402881,13.943881,0.459,104,spongent,0.0,13.938321,pair=UAV1<->UAV2; config=StadiumSPONGENT,1.554954,3.511443,0.173,5.395987,0.154,3.481497,0.132,StadiumSPONGENT,StadiumSPONGENT-0-20260406-12:04:54-334662,1,2
55,1,14.443009,14.001009,0.442,104,spongent,0.0,13.995258,pair=UAV1<->UAV3; config=StadiumSPONGENT,1.587265,3.457231,0.154,5.427246,0.155,3.529267,0.133,StadiumSPONGENT,StadiumSPONGENT-0-20260406-12:04:54-334662,1,3
56,1,14.56069,14.08669,0.474,104,spongent,0.0,14.081301,pair=UAV1<->UAV4; config=StadiumSPONGENT,1.571245,3.513778,0.155,5.47762,0.174,3.524047,0.145,StadiumSPONGENT,StadiumSPONGENT-0-20260406-12:04:54-334662,1,4
57,1,14.468367,13.947367,0.521,104,spongent,0.0,13.943089,pair=UAV1<->UAV5; config=StadiumSPONGENT,1.539735,3.47267,0.154,5.443096,0.207,3.491866,0.16,StadiumSPONGENT,StadiumSPONGENT-0-20260406-12:04:54-334662,1,5
58,1,14.399214,13.939214,0.46,104,spongent,0.0,13.934115,pair=UAV1<->UAV6; config=StadiumSPONGENT,1.529607,3.48855,0.154,5.430633,0.154,3.490424,0.152,StadiumSPONGENT,StadiumSPONGENT-0-20260406-12:04:54-334662,1,6
59,1,14.50814,14.01214,0.496,104,spongent,0.0,14.007602,pair=UAV1<->UAV7; config=StadiumSPONGENT,1.529246,3.539676,0.169,5.46129,0.179,3.481928,0.148,StadiumSPONGENT,StadiumSPONGENT-0-20260406-12:04:54-334662,1,7
60,1,14.525616,14.084616,0.441,104,spongent,0.0,14.080027,pair=UAV1<->UAV8; config=StadiumSPONGENT,1.566807,3.539566,0.154,5.460699,0.154,3.517544,0.133,StadiumSPONGENT,StadiumSPONGENT-0-20260406-12:04:54-334662,1,8
61,1,14.438641,13.975641,0.463,104,spongent,0.0,13.972026,pair=UAV1<->UAV9; config=StadiumSPONGENT,1.545145,3.519509,0.156,5.406998,0.174,3.503989,0.133,StadiumSPONGENT,StadiumSPONGENT-0-20260406-12:04:54-334662,1,9
62,1,14.823341,14.342341,0.481,104,spongent,0.0,14.334196,pair=UAV2<->UAV3; config=StadiumSPONGENT,1.559352,3.505182,0.154,5.566859,0.155,3.710948,0.172,StadiumSPONGENT,StadiumSPONGENT-0-20260406-12:04:54-334662,2,3
63,1,14.50777,14.02777,0.48,104,spongent,0.0,14.023722,pair=UAV2<->UAV4; config=StadiumSPONGENT,1.559613,3.517174,0.185,5.488632,0.162,3.462351,0.133,StadiumSPONGENT,StadiumSPONGENT-0-20260406-12:04:54-334662,2,4
64,1,14.647063,14.137063,0.51,104,spongent,0.0,14.132756,pair=UAV2<->UAV5; config=StadiumSPONGENT,1.584579,3.497527,0.184,5.535379,0.191,3.519578,0.135,StadiumSPONGENT,StadiumSPONGENT-0-20260406-12:04:54-334662,2,5
65,1,14.389597,13.930597,0.459,104,spongent,0.0,13.925637,pair=UAV2<->UAV6; config=StadiumSPONGENT,1.554203,3.538825,0.154,5.417718,0.155,3.419851,0.15,StadiumSPONGENT,StadiumSPONGENT-0-20260406-12:04:54-334662,2,6
66,1,14.716915,14.264915,0.452,104,spongent,0.0,14.257302,pair=UAV2<->UAV7; config=StadiumSPONGENT,1.568419,3.483741,0.154,5.512376,0.165,3.700379,0.133,StadiumSPONGENT,StadiumSPONGENT-0-20260406-12:04:54-334662,2,7
67,1,14.546696,14.052696,0.494,104,spongent,0.0,14.047906,pair=UAV2<->UAV8; config=StadiumSPONGENT,1.562649,3.514098,0.153,5.511474,0.154,3.464475,0.187,StadiumSPONGENT,StadiumSPONGENT-0-20260406-12:04:54-334662,2,8
68,1,14.800889,14.271889,0.529,104,spongent,0.0,14.26233,pair=UAV2<->UAV9; config=StadiumSPONGENT,1.561988,3.483921,0.224,5.724996,0.154,3.500984,0.151,StadiumSPONGENT,StadiumSPONGENT-0-20260406-12:04:54-334662,2,9
69,1,14.621214,14.142214,0.479,104,spongent,0.0,14.130142,pair=UAV3<->UAV4; config=StadiumSPONGENT,1.562478,3.502727,0.186,5.55712,0.154,3.519889,0.139,StadiumSPONGENT,StadiumSPONGENT-0-20260406-12:04:54-334662,3,4
70,1,14.668565,14.211565,0.457,104,spongent,0.0,14.205224,pair=UAV3<->UAV5; config=StadiumSPONGENT,1.550977,3.547361,0.155,5.486617,0.169,3.62661,0.133,StadiumSPONGENT,StadiumSPONGENT-0-20260406-12:04:54-334662,3,5
71,1,14.727858,14.249858,0.478,104,spongent,0.0,14.243808,pair=UAV3<->UAV6; config=StadiumSPONGENT,1.5686,3.521181,0.177,5.574614,0.16,3.585463,0.141,StadiumSPONGENT,StadiumSPONGENT-0-20260406-12:04:54-334662,3,6
72,1,14.595428,14.155428,0.44,104,spongent,0.0,14.147964,pair=UAV3<->UAV7; config=StadiumSPONGENT,1.551828,3.530639,0.154,5.50914,0.153,3.563821,0.133,StadiumSPONGENT,StadiumSPONGENT-0-20260406-12:04:54-334662,3,7
73,1,14.624631,14.129631,0.495,104,spongent,0.0,14.123931,pair=UAV3<->UAV8; config=StadiumSPONGENT,1.580132,3.493039,0.166,5.505132,0.195,3.551328,0.134,StadiumSPONGENT,StadiumSPONGENT-0-20260406-12:04:54-334662,3,8
74,1,14.59712,14.11312,0.484,104,spongent,0.0,14.107369,pair=UAV3<->UAV9; config=StadiumSPONGENT,1.561667,3.493179,0.155,5.475516,0.196,3.582758,0.133,StadiumSPONGENT,StadiumSPONGENT-0-20260406-12:04:54-334662,3,9
75,1,14.539124,14.099124,0.44,104,spongent,0.0,14.088113,pair=UAV4<->UAV5; config=StadiumSPONGENT,1.602664,3.50968,0.153,5.448035,0.154,3.538745,0.133,StadiumSPONGENT,StadiumSPONGENT-0-20260406-12:04:54-334662,4,5
76,1,14.5428,14.0918,0.451,104,spongent,0.0,14.084547,pair=UAV4<->UAV6; config=StadiumSPONGENT,1.570293,3.558051,0.154,5.459707,0.157,3.503749,0.14,StadiumSPONGENT,StadiumSPONGENT-0-20260406-12:04:54-334662,4,6
77,1,14.506228,14.065228,0.441,104,spongent,0.0,14.058668,pair=UAV4<->UAV7; config=StadiumSPONGENT,1.561236,3.533474,0.154,5.483882,0.154,3.486636,0.133,StadiumSPONGENT,StadiumSPONGENT-0-20260406-12:04:54-334662,4,7
78,1,14.519221,14.076221,0.443,104,spongent,0.0,14.068416,pair=UAV4<->UAV8; config=StadiumSPONGENT,1.567378,3.515541,0.154,5.462302,0.156,3.531,0.133,StadiumSPONGENT,StadiumSPONGENT-0-20260406-12:04:54-334662,4,8
79,1,14.529141,14.061141,0.468,104,spongent,0.0,14.053137,pair=UAV4<->UAV9; config=StadiumSPONGENT,1.561646,3.513868,0.154,5.473022,0.177,3.512605,0.137,StadiumSPONGENT,StadiumSPONGENT-0-20260406-12:04:54-334662,4,9
80,1,14.48711,14.03311,0.454,104,spongent,0.0,14.027038,pair=UAV5<->UAV6; config=StadiumSPONGENT,1.56854,3.5363,0.157,5.426856,0.154,3.501414,0.143,StadiumSPONGENT,StadiumSPONGENT-0-20260406-12:04:54-334662,5,6
81,1,14.627472,14.173472,0.454,104,spongent,0.0,14.164836,pair=UAV5<->UAV7; config=StadiumSPONGENT,1.551046,3.612954,0.155,5.476278,0.166,3.533194,0.133,StadiumSPONGENT,StadiumSPONGENT-0-20260406-12:04:54-334662,5,7
82,1,14.45878,14.01778,0.441,104,spongent,0.0,14.011086,pair=UAV5<->UAV8; config=StadiumSPONGENT,1.55277,3.494501,0.154,5.453836,0.154,3.516673,0.133,StadiumSPONGENT,StadiumSPONGENT-0-20260406-12:04:54-334662,5,8
83,1,14.46287,14.00687,0.456,104,spongent,0.0,14.001177,pair=UAV5<->UAV9; config=StadiumSPONGENT,1.539485,3.515391,0.154,5.458635,0.17,3.493359,0.132,StadiumSPONGENT,StadiumSPONGENT-0-20260406-12:04:54-334662,5,9
84,1,14.406892,13.949892,0.457,104,spongent,0.0,13.9435,pair=UAV6<->UAV7; config=StadiumSPONGENT,1.547851,3.474243,0.153,5.429129,0.154,3.498669,0.15,StadiumSPONGENT,StadiumSPONGENT-0-20260406-12:04:54-334662,6,7
85,1,14.480251,14.012251,0.468,104,spongent,0.0,14.008642,pair=UAV6<->UAV8; config=StadiumSPONGENT,1.54767,3.52536,0.155,5.448727,0.161,3.490494,0.152,StadiumSPONGENT,StadiumSPONGENT-0-20260406-12:04:54-334662,6,8
86,1,14.501341,14.050341,0.451,104,spongent,0.0,14.045434,pair=UAV6<->UAV9; config=StadiumSPONGENT,1.571555,3.485304,0.163,5.490645,0.154,3.502837,0.134,StadiumSPONGENT,StadiumSPONGENT-0-20260406-12:04:54-334662,6,9
87,1,14.46966,13.99666,0.473,104,spongent,0.0,13.989737,pair=UAV7<->UAV8; config=StadiumSPONGENT,1.570964,3.474664,0.178,5.480486,0.155,3.470546,0.14,StadiumSPONGENT,StadiumSPONGENT-0-20260406-12:04:54-334662,7,8
88,1,14.406269,13.963269,0.443,104,spongent,0.0,13.957286,pair=UAV7<->UAV9; config=StadiumSPONGENT,1.557339,3.494612,0.155,5.42441,0.154,3.486908,0.134,StadiumSPONGENT,StadiumSPONGENT-0-20260406-12:04:54-334662,7,9
89,1,14.476385,14.025385,0.451,104,spongent,0.0,14.019362,pair=UAV8<->UAV9; config=StadiumSPONGENT,1.561977,3.503849,0.153,5.494843,0.154,3.464716,0.144,StadiumSPONGENT,StadiumSPONGENT-0-20260406-12:04:54-334662,8,9
