idx,success,latency_ms,compute_ms,net_ms,overhead_bytes,hash_mode,sha3_compute_ms,spongent_compute_ms,details,m1_uav_compute_ms,m1_gs_compute_ms,m1_net_ms,m1_uav_sha3_ms,m1_uav_spongent_ms,m2_uav_verify_ms,m2_net_ms,puf_eval_ms,bch_ms,m3_crypto_ms,m3_crypto_sha3_ms,m3_crypto_spongent_ms,m3_uav_compute_ms,m3_gs_compute_ms,m3_net_ms,m4_uav_compute_ms,m4_net_ms,config,run_id,uav_id
0,1,0.694024,0.015024,0.679,175,sha3,0.004786,0.0,OMNeT++; module=UAVAuthNetwork.uav[0]; config=StadiumSHA3,0.006601,0.005089,0.182,0.004786,0.0,0.001392,0.185,0.003816,0.028635,0.003175,0.004786,0.0,0.006991,0.032151,0.18,4e-05,0.132,StadiumSHA3,StadiumSHA3-0-20260428-20:34:26-419885,0
1,1,0.682653,0.008653,0.674,175,sha3,0.004017,0.0,OMNeT++; module=UAVAuthNetwork.uav[1]; config=StadiumSHA3,0.001743,0.003175,0.199,0.004017,0.0,0.001181,0.182,0.003034,0.026852,0.002665,0.004017,0.0,0.005699,0.029888,0.16,3e-05,0.133,StadiumSHA3,StadiumSHA3-0-20260428-20:34:26-419885,1
2,1,0.653333,0.008333,0.645,175,sha3,0.003916,0.0,OMNeT++; module=UAVAuthNetwork.uav[2]; config=StadiumSHA3,0.001522,0.003335,0.16,0.003916,0.0,0.001122,0.182,0.003115,0.026542,0.002544,0.003916,0.0,0.005659,0.029457,0.161,3e-05,0.142,StadiumSHA3,StadiumSHA3-0-20260428-20:34:26-419885,2
3,1,0.674164,0.008164,0.666,175,sha3,0.003916,0.0,OMNeT++; module=UAVAuthNetwork.uav[3]; config=StadiumSHA3,0.001513,0.003045,0.16,0.003916,0.0,0.001152,0.19,0.002934,0.026472,0.002535,0.003916,0.0,0.005469,0.029357,0.184,3e-05,0.132,StadiumSHA3,StadiumSHA3-0-20260428-20:34:26-419885,3
4,1,0.654203,0.008203,0.646,175,sha3,0.004018,0.0,OMNeT++; module=UAVAuthNetwork.uav[4]; config=StadiumSHA3,0.001462,0.002935,0.16,0.004018,0.0,0.001202,0.182,0.002925,0.02517,0.002574,0.004018,0.0,0.005499,0.028085,0.171,4e-05,0.133,StadiumSHA3,StadiumSHA3-0-20260428-20:34:26-419885,4
5,1,0.684173,0.008173,0.676,175,sha3,0.003926,0.0,OMNeT++; module=UAVAuthNetwork.uav[5]; config=StadiumSHA3,0.001492,0.002944,0.201,0.003926,0.0,0.001092,0.182,0.003005,0.026632,0.002554,0.003926,0.0,0.005559,0.029526,0.16,3e-05,0.133,StadiumSHA3,StadiumSHA3-0-20260428-20:34:26-419885,5
6,1,0.684224,0.008224,0.676,175,sha3,0.003906,0.0,OMNeT++; module=UAVAuthNetwork.uav[6]; config=StadiumSHA3,0.001523,0.003586,0.16,0.003906,0.0,0.001112,0.182,0.003025,0.027043,0.002534,0.003906,0.0,0.005559,0.029968,0.161,3e-05,0.173,StadiumSHA3,StadiumSHA3-0-20260428-20:34:26-419885,6
7,1,0.682273,0.008273,0.674,175,sha3,0.003966,0.0,OMNeT++; module=UAVAuthNetwork.uav[7]; config=StadiumSHA3,0.001522,0.00621,0.18,0.003966,0.0,0.001142,0.2,0.003035,0.0254,0.002544,0.003966,0.0,0.005579,0.028315,0.161,3e-05,0.133,StadiumSHA3,StadiumSHA3-0-20260428-20:34:26-419885,7
8,1,0.676143,0.008143,0.668,175,sha3,0.003896,0.0,OMNeT++; module=UAVAuthNetwork.uav[8]; config=StadiumSHA3,0.001542,0.002735,0.16,0.003896,0.0,0.001112,0.183,0.002925,0.026672,0.002534,0.003896,0.0,0.005459,0.029597,0.192,3e-05,0.133,StadiumSHA3,StadiumSHA3-0-20260428-20:34:26-419885,8
9,1,0.650273,0.008273,0.642,175,sha3,0.004018,0.0,OMNeT++; module=UAVAuthNetwork.uav[9]; config=StadiumSHA3,0.001522,0.003024,0.167,0.004018,0.0,0.001122,0.182,0.002975,0.026031,0.002624,0.004018,0.0,0.005599,0.028996,0.161,3e-05,0.132,StadiumSHA3,StadiumSHA3-0-20260428-20:34:26-419885,9
10,1,7.582604,6.903604,0.679,175,spongent,0.0,6.8886,OMNeT++; module=UAVAuthNetwork.uav[0]; config=StadiumSPONGENT,1.142054,2.56952,0.182,0.0,6.8886,1.47379,0.185,0.003726,0.027834,4.283813,0.0,6.8886,4.287539,4.17484,0.18,0.000221,0.132,StadiumSPONGENT,StadiumSPONGENT-0-20260428-20:34:26-419886,0
11,1,7.859181,7.185181,0.674,175,spongent,0.0,7.174784,OMNeT++; module=UAVAuthNetwork.uav[1]; config=StadiumSPONGENT,1.168576,2.750598,0.199,0.0,7.174784,1.641196,0.182,0.004057,0.025271,4.371242,0.0,7.174784,4.375299,4.389911,0.16,0.00011,0.133,StadiumSPONGENT,StadiumSPONGENT-0-20260428-20:34:26-419886,1
12,1,7.639457,6.994457,0.645,175,spongent,0.0,6.987096,OMNeT++; module=UAVAuthNetwork.uav[2]; config=StadiumSPONGENT,1.090892,2.724957,0.16,0.0,6.987096,1.535228,0.182,0.003535,0.023557,4.364692,0.0,6.987096,4.368227,4.160247,0.161,0.00011,0.142,StadiumSPONGENT,StadiumSPONGENT-0-20260428-20:34:26-419886,2
13,1,7.287255,6.621255,0.666,175,spongent,0.0,6.613793,OMNeT++; module=UAVAuthNetwork.uav[3]; config=StadiumSPONGENT,1.088459,2.616174,0.16,0.0,6.613793,1.507754,0.19,0.003416,0.023778,4.021526,0.0,6.613793,4.024942,4.140996,0.184,0.0001,0.132,StadiumSPONGENT,StadiumSPONGENT-0-20260428-20:34:26-419886,3
14,1,7.327,6.681,0.646,175,spongent,0.0,6.663234,OMNeT++; module=UAVAuthNetwork.uav[4]; config=StadiumSPONGENT,1.122563,2.600309,0.16,0.0,6.663234,1.475483,0.182,0.003155,0.022276,4.079689,0.0,6.663234,4.082844,4.079739,0.171,0.00011,0.133,StadiumSPONGENT,StadiumSPONGENT-0-20260428-20:34:26-419886,4
15,1,7.356638,6.680638,0.676,175,spongent,0.0,6.6746,OMNeT++; module=UAVAuthNetwork.uav[5]; config=StadiumSPONGENT,1.091313,2.616626,0.201,0.0,6.6746,1.507534,0.182,0.003355,0.022917,4.078326,0.0,6.6746,4.081681,4.081361,0.16,0.00011,0.133,StadiumSPONGENT,StadiumSPONGENT-0-20260428-20:34:26-419886,5
16,1,7.411728,6.735728,0.676,175,spongent,0.0,6.729819,OMNeT++; module=UAVAuthNetwork.uav[6]; config=StadiumSPONGENT,1.119659,2.621623,0.16,0.0,6.729819,1.4736,0.182,0.003205,0.023697,4.139164,0.0,6.729819,4.142369,4.068411,0.161,0.0001,0.173,StadiumSPONGENT,StadiumSPONGENT-0-20260428-20:34:26-419886,6
17,1,7.392831,6.718831,0.674,175,spongent,0.0,6.710147,OMNeT++; module=UAVAuthNetwork.uav[7]; config=StadiumSPONGENT,1.08906,2.645522,0.18,0.0,6.710147,1.476926,0.2,0.003486,0.022676,4.149259,0.0,6.710147,4.152745,4.092168,0.161,0.0001,0.133,StadiumSPONGENT,StadiumSPONGENT-0-20260428-20:34:26-419886,7
18,1,7.328048,6.660048,0.668,175,spongent,0.0,6.652996,OMNeT++; module=UAVAuthNetwork.uav[8]; config=StadiumSPONGENT,1.084513,2.555238,0.16,0.0,6.652996,1.480281,0.183,0.003635,0.023428,4.091508,0.0,6.652996,4.095143,4.045214,0.192,0.000111,0.133,StadiumSPONGENT,StadiumSPONGENT-0-20260428-20:34:26-419886,8
19,1,7.376866,6.734866,0.642,175,spongent,0.0,6.726743,OMNeT++; module=UAVAuthNetwork.uav[9]; config=StadiumSPONGENT,1.100538,2.577714,0.167,0.0,6.726743,1.470365,0.182,0.003536,0.023598,4.160387,0.0,6.726743,4.163923,4.140345,0.161,4e-05,0.132,StadiumSPONGENT,StadiumSPONGENT-0-20260428-20:34:26-419886,9
